Channel_Name,coder1,coder2,coder3,Channel_Link,Ticker,Stock_Name
Agilent Technologies,0,0,0,https://www.youtube.com/user/agilent,['A'],['Agilent Technologies']
"Value Investing with Sven Carlin, Ph.D.",1,1,1,https://www.youtube.com/channel/UCrTTBSUr0zhPU56UQljag5A,"['A', 'ABBV', 'ABC', 'ABT', 'ADM', 'ADP', 'AES', 'ALB', 'AMGN', 'AXP', 'BAC', 'BMY', 'BRK.B', 'CCL', 'CF', 'CSCO', 'CSX', 'CTAS', 'CTVA', 'CVX', 'DOW', 'EBAY', 'FB', 'FCX', 'FOXA', 'GIS', 'GLW', 'GOOG', 'GOOGL', 'HOLX', 'IBM', 'ICE', 'INTC', 'IP', 'JBHT', 'JPM', 'K', 'KHC', 'KMB', 'KR', 'KSU', 'LW', 'LYB', 'MCK', 'MMC', 'MMM', 'MO', 'MOS', 'MRK', 'MTCH', 'NEM', 'NKE', 'NSC', 'NTRS', 'NWL', 'QCOM', 'RSG', 'SBUX', 'SPG', 'T', 'TXN', 'UNH', 'UNP', 'V', 'VIAC', 'VRSN', 'VZ', 'WBA', 'WM', 'WMB', 'WRK', 'XOM', 'XYL', 'ZBH']","['Agilent Technologies', 'AbbVie', 'AmerisourceBergen', 'Abbott Laboratories', 'ADM', 'Automatic Data Processing', 'AES Corp', 'Albemarle Corporation', 'Amgen', 'American Express', 'Bank of America', 'Bristol Myers Squibb', 'Berkshire Hathaway', 'Carnival Corporation', 'CF Industries', 'Cisco Systems', 'CSX', 'Cintas Corporation', 'Corteva', 'Chevron Corporation', 'Dow', 'eBay', 'Facebook', 'Freeport-McMoRan', 'Fox Corporation (Class A)', 'General Mills', 'Corning', 'Alphabet (Class C)', 'Alphabet (Class A)', 'Hologic', 'IBM', 'Intercontinental Exchange', 'Intel', 'International Paper', 'J. B. Hunt', 'JPMorgan Chase', ""Kellogg's"", 'Kraft Heinz', 'Kimberly-Clark', 'Kroger', 'Kansas City Southern', 'Lamb Weston', 'LyondellBasell', 'McKesson Corporation', 'Marsh & McLennan', '3M', 'Altria Group', 'The Mosaic Company', 'Merck & Co.', 'Match Group', 'Newmont', 'Nike', 'Norfolk Southern', 'Northern Trust', 'Newell Brands', 'Qualcomm', 'Republic Services', 'Starbucks', 'Simon Property Group', 'AT&T', 'Texas Instruments', 'UnitedHealth Group', 'Union Pacific', 'Visa', 'ViacomCBS', 'Verisign', 'Verizon Communications', 'Walgreens Boots Alliance', 'Waste Management', 'Williams Companies', 'WestRock', 'ExxonMobil', 'Xylem', 'Zimmer Biomet']"
CNBC Television,0,0,0,https://www.youtube.com/channel/UCrp_UI8XtuYfpiqluWLD7Lw,"['A', 'AAL', 'AAPL', 'ABBV', 'ABC', 'ABMD', 'ABT', 'ACN', 'ADBE', 'ADI', 'ADM', 'ADP', 'ADSK', 'AEE', 'AEP', 'AES', 'AFL', 'AIG', 'AJG', 'AKAM', 'ALB', 'ALGN', 'ALK', 'ALL', 'ALLE', 'AMAT', 'AMD', 'AME', 'AMGN', 'AMT', 'AMZN', 'ANET', 'ANSS', 'APA', 'APD', 'APH', 'APTV', 'ATVI', 'AVB', 'AVGO', 'AVY', 'AXP', 'AZO', 'BAC', 'BAX', 'BBWI', 'BBY', 'BDX', 'BIIB', 'BIO', 'BK', 'BKNG', 'BKR', 'BLL', 'BMY', 'BSX', 'BWA', 'BXP', 'C', 'CAG', 'CARR', 'CAT', 'CBOE', 'CBRE', 'CCI', 'CCL', 'CDAY', 'CDNS', 'CDW', 'CFG', 'CHD', 'CHTR', 'CI', 'CLX', 'CMCSA', 'CME', 'CMG', 'CMI', 'COF', 'COG', 'COP', 'CPB', 'CPRT', 'CRL', 'CRM', 'CSCO', 'CSX', 'CTAS', 'CTLT', 'CTSH', 'CTVA', 'CTXS', 'CVS', 'CVX', 'CZR', 'D', 'DAL', 'DD', 'DG', 'DGX', 'DHI', 'DHR', 'DIS', 'DISCA', 'DISCK', 'DISH', 'DLR', 'DLTR', 'DOW', 'DPZ', 'DRI', 'DUK', 'DVA', 'DVN', 'DXCM', 'EA', 'EBAY', 'ECL', 'ED', 'EL', 'EMN', 'EMR', 'ENPH', 'EOG', 'EQIX', 'ES', 'ETN', 'ETSY', 'EW', 'EXC', 'EXPD', 'EXPE', 'F', 'FANG', 'FAST', 'FB', 'FBHS', 'FCX', 'FDX', 'FIS', 'FISV', 'FOX', 'FRT', 'FTNT', 'FTV', 'GD', 'GE', 'GILD', 'GIS', 'GLW', 'GM', 'GNRC', 'GOOG', 'GPN', 'GS', 'HAS', 'HBAN', 'HCA', 'HD', 'HII', 'HOLX', 'HON', 'HPE', 'HPQ', 'HRL', 'HSIC', 'HST', 'HSY', 'HUM', 'HWM', 'IBM', 'ICE', 'IDXX', 'IFF', 'ILMN', 'INCY', 'INFO', 'INTC', 'INTU', 'IPG', 'IPGP', 'IQV', 'IRM', 'ISRG', 'IT', 'ITW', 'IVZ', 'J', 'JBHT', 'JCI', 'JKHY', 'JNJ', 'JNPR', 'JPM', 'K', 'KHC', 'KIM', 'KLAC', 'KMB', 'KMI', 'KO', 'KSU', 'L', 'LDOS', 'LEG', 'LEN', 'LHX', 'LKQ', 'LLY', 'LMT', 'LNC', 'LRCX', 'LUMN', 'LUV', 'LVS', 'LW', 'LYB', 'LYV', 'MCD', 'MCHP', 'MDLZ', 'MDT', 'MGM', 'MKC', 'MKTX', 'MMC', 'MNST', 'MO', 'MPC', 'MPWR', 'MRK', 'MRNA', 'MRO', 'MS', 'MSCI', 'MSFT', 'MTCH', 'MU', 'NCLH', 'NDAQ', 'NEM', 'NFLX', 'NKE', 'NLOK', 'NOC', 'NOW', 'NRG', 'NTAP', 'NTRS', 'NUE', 'NVDA', 'NVR', 'NWL', 'NWS', 'NWSA', 'NXPI', 'OGN', 'OKE', 'ORCL', 'ORLY', 'OTIS', 'OXY', 'PAYC', 'PAYX', 'PBCT', 'PCAR', 'PENN', 'PEP', 'PFE', 'PG', 'PHM', 'PKI', 'PLD', 'PM', 'PNC', 'POOL', 'PPG', 'PRU', 'PVH', 'PXD', 'PYPL', 'QCOM', 'QRVO', 'RCL', 'REGN', 'RJF', 'RL', 'RSG', 'SBAC', 'SBUX', 'SCHW', 'SEE', 'SLB', 'SNA', 'SNPS', 'SO', 'SPG', 'SPGI', 'SRE', 'STZ', 'SWK', 'SWKS', 'SYF', 'SYK', 'SYY', 'TAP', 'TECH', 'TER', 'TFC', 'TGT', 'TJX', 'TMO', 'TMUS', 'TPR', 'TRMB', 'TROW', 'TRV', 'TSCO', 'TSN', 'TTWO', 'TWTR', 'TXN', 'TXT', 'UA', 'UAA', 'UAL', 'UHS', 'ULTA', 'UNH', 'UNP', 'UPS', 'V', 'VFC', 'VIAC', 'VLO', 'VNO', 'VRSK', 'VRTX', 'VTR', 'VTRS', 'VZ', 'WDC', 'WELL', 'WFC', 'WHR', 'WLTW', 'WM', 'WMB', 'WMT', 'WRK', 'WU', 'WYNN', 'XEL', 'XLNX', 'XOM', 'XYL', 'YUM', 'ZBH', 'ZBRA', 'ZION', 'ZTS']","['Agilent Technologies', 'American Airlines Group', 'Apple', 'AbbVie', 'AmerisourceBergen', 'Abiomed', 'Abbott Laboratories', 'Accenture', 'Adobe', 'Analog Devices', 'ADM', 'Automatic Data Processing', 'Autodesk', 'Ameren Corp', 'American Electric Power', 'AES Corp', 'Aflac', 'American International Group', 'Arthur J. Gallagher & Co.', 'Akamai Technologies', 'Albemarle Corporation', 'Align Technology', 'Alaska Air Group', 'Allstate Corp', 'Allegion', 'Applied Materials', 'Advanced Micro Devices', 'Ametek', 'Amgen', 'American Tower', 'Amazon', 'Arista Networks', 'Ansys', 'APA Corporation', 'Air Products & Chemicals', 'Amphenol Corp', 'Aptiv', 'Activision Blizzard', 'AvalonBay Communities', 'Broadcom', 'Avery Dennison', 'American Express', 'AutoZone', 'Bank of America', 'Baxter International', 'Bath & Body Works, Inc.', 'Best Buy', 'Becton Dickinson', 'Biogen', 'Bio-Rad Laboratories', 'BNY Mellon', 'Booking Holdings', 'Baker Hughes', 'Ball Corp', 'Bristol Myers Squibb', 'Boston Scientific', 'BorgWarner', 'Boston Properties', 'Citigroup', 'Conagra Brands', 'Carrier Global', 'Caterpillar', 'Cboe Global Markets', 'CBRE', 'Crown Castle', 'Carnival Corporation', 'Ceridian', 'Cadence Design Systems', 'CDW', 'Citizens Financial Group', 'Church & Dwight', 'Charter Communications', 'Cigna', 'Clorox', 'Comcast', 'CME Group', 'Chipotle Mexican Grill', 'Cummins', 'Capital One Financial', 'Cabot Oil & Gas', 'ConocoPhillips', 'Campbell Soup', 'Copart', 'Charles River Laboratories', 'Salesforce', 'Cisco Systems', 'CSX', 'Cintas Corporation', 'Catalent', 'Cognizant Technology Solutions', 'Corteva', 'Citrix Systems', 'CVS Health', 'Chevron Corporation', 'Caesars Entertainment', 'Dominion Energy', 'Delta Air Lines', 'DuPont', 'Dollar General', 'Quest Diagnostics', 'D. R. Horton', 'Danaher Corporation', 'The Walt Disney Company', 'Discovery (Series A)', 'Discovery (Series C)', 'Dish Network', 'Digital Realty Trust', 'Dollar Tree', 'Dow', ""Domino's Pizza"", 'Darden Restaurants', 'Duke Energy', 'DaVita', 'Devon Energy', 'DexCom', 'Electronic Arts', 'eBay', 'Ecolab', 'Consolidated Edison', 'EstÔøΩe Lauder Companies', 'Eastman Chemical', 'Emerson Electric Company', 'Enphase Energy', 'EOG Resources', 'Equinix', 'Eversource Energy', 'Eaton Corporation', 'Etsy', 'Edwards Lifesciences', 'Exelon', 'Expeditors', 'Expedia Group', 'Ford', 'Diamondback Energy', 'Fastenal', 'Facebook', 'Fortune Brands Home & Security', 'Freeport-McMoRan', 'FedEx', 'Fidelity National Information Services', 'Fiserv', 'Fox Corporation (Class B)', 'Federal Realty Investment Trust', 'Fortinet', 'Fortive', 'General Dynamics', 'General Electric', 'Gilead Sciences', 'General Mills', 'Corning', 'General Motors', 'Generac Holdings', 'Alphabet (Class C)', 'Global Payments', 'Goldman Sachs', 'Hasbro', 'Huntington Bancshares', 'HCA Healthcare', 'Home Depot', 'Huntington Ingalls Industries', 'Hologic', 'Honeywell', 'Hewlett Packard Enterprise', 'HP', 'Hormel', 'Henry Schein', 'Host Hotels & Resorts', 'The Hershey Company', 'Humana', 'Howmet Aerospace', 'IBM', 'Intercontinental Exchange', 'Idexx Laboratories', 'International Flavors & Fragrances', 'Illumina', 'Incyte', 'IHS Markit', 'Intel', 'Intuit', 'Interpublic Group', 'IPG Photonics', 'IQVIA', 'Iron Mountain', 'Intuitive Surgical', 'Gartner', 'Illinois Tool Works', 'Invesco', 'Jacobs Engineering Group', 'J. B. Hunt', 'Johnson Controls', 'Jack Henry & Associates', 'Johnson & Johnson', 'Juniper Networks', 'JPMorgan Chase', ""Kellogg's"", 'Kraft Heinz', 'Kimco Realty', 'KLA Corporation', 'Kimberly-Clark', 'Kinder Morgan', 'Coca-Cola Company', 'Kansas City Southern', 'Loews Corporation', 'Leidos', 'Leggett & Platt', 'Lennar', 'L3Harris Technologies', 'LKQ Corporation', 'Eli Lilly & Co', 'Lockheed Martin', 'Lincoln National', 'Lam Research', 'Lumen Technologies', 'Southwest Airlines', 'Las Vegas Sands', 'Lamb Weston', 'LyondellBasell', 'Live Nation Entertainment', ""McDonald's"", 'Microchip Technology', 'Mondelez International', 'Medtronic', 'MGM Resorts International', 'McCormick & Company', 'MarketAxess', 'Marsh & McLennan', 'Monster Beverage', 'Altria Group', 'Marathon Petroleum', 'Monolithic Power Systems', 'Merck & Co.', 'Moderna', 'Marathon Oil', 'Morgan Stanley', 'MSCI', 'Microsoft', 'Match Group', 'Micron Technology', 'Norwegian Cruise Line Holdings', 'Nasdaq', 'Newmont', 'Netflix', 'Nike', 'NortonLifeLock', 'Northrop Grumman', 'ServiceNow', 'NRG Energy', 'NetApp', 'Northern Trust', 'Nucor', 'Nvidia', 'NVR', 'Newell Brands', 'News Corp (Class B)', 'News Corp (Class A)', 'NXP', 'Organon & Co.', 'Oneok', 'Oracle', ""O'Reilly Automotive"", 'Otis Worldwide', 'Occidental Petroleum', 'Paycom', 'Paychex', ""People's United Financial"", 'Paccar', 'Penn National Gaming', 'PepsiCo', 'Pfizer', 'Procter & Gamble', 'PulteGroup', 'PerkinElmer', 'Prologis', 'Philip Morris International', 'PNC Financial Services', 'Pool Corporation', 'PPG Industries', 'Prudential Financial', 'PVH', 'Pioneer Natural Resources', 'PayPal', 'Qualcomm', 'Qorvo', 'Royal Caribbean Group', 'Regeneron Pharmaceuticals', 'Raymond James Financial', 'Ralph Lauren Corporation', 'Republic Services', 'SBA Communications', 'Starbucks', 'Charles Schwab Corporation', 'Sealed Air', 'Schlumberger', 'Snap-on', 'Synopsys', 'Southern Company', 'Simon Property Group', 'S&P Global', 'Sempra Energy', 'Constellation Brands', 'Stanley Black & Decker', 'Skyworks Solutions', 'Synchrony Financial', 'Stryker Corporation', 'Sysco', 'Molson Coors Beverage Company', 'Bio-Techne', 'Teradyne', 'Truist Financial', 'Target Corporation', 'TJX Companies', 'Thermo Fisher Scientific', 'T-Mobile US', 'Tapestry', 'Trimble', 'T. Rowe Price', 'The Travelers Companies', 'Tractor Supply Company', 'Tyson Foods', 'Take-Two Interactive', 'Twitter', 'Texas Instruments', 'Textron', 'Under Armour (Class C)', 'Under Armour (Class A)', 'United Airlines', 'Universal Health Services', 'Ulta Beauty', 'UnitedHealth Group', 'Union Pacific', 'United Parcel Service', 'Visa', 'VF Corporation', 'ViacomCBS', 'Valero Energy', 'Vornado Realty Trust', 'Verisk Analytics', 'Vertex Pharmaceuticals', 'Ventas', 'Viatris', 'Verizon Communications', 'Western Digital', 'Welltower', 'Wells Fargo', 'Whirlpool Corporation', 'Willis Towers Watson', 'Waste Management', 'Williams Companies', 'Walmart', 'WestRock', 'Western Union', 'Wynn Resorts', 'Xcel Energy', 'Xilinx', 'ExxonMobil', 'Xylem', 'Yum! Brands', 'Zimmer Biomet', 'Zebra Technologies', 'Zions Bancorp', 'Zoetis']"
The Average Joe Investor,1,1,1,https://www.youtube.com/channel/UCN9_N18CDKFh2n1rjd41NvQ,"['A', 'AMCR', 'BLK', 'CINF', 'CLX', 'ETN', 'EXPD', 'GPC', 'GWW', 'HIG', 'IRM', 'MAA', 'MCD', 'MMM', 'PBCT', 'PEP', 'PG', 'SCHW', 'SJM', 'TROW', 'VLO']","['Agilent Technologies', 'Amcor', 'BlackRock', 'Cincinnati Financial', 'Clorox', 'Eaton Corporation', 'Expeditors', 'Genuine Parts', 'W. W. Grainger', 'The Hartford', 'Iron Mountain', 'Mid-America Apartments', ""McDonald's"", '3M', ""People's United Financial"", 'PepsiCo', 'Procter & Gamble', 'Charles Schwab Corporation', 'JM Smucker', 'T. Rowe Price', 'Valero Energy']"
Star,1,1,1,https://www.youtube.com/channel/UCuPnGgHJzIJ2t4wcBdEkmoA,"['A', 'ACN', 'ANSS', 'APD', 'AVGO', 'BMY', 'CCI', 'CDNS', 'CNP', 'CRL', 'CTLT', 'CZR', 'DD', 'DFS', 'DXCM', 'EMN', 'EOG', 'EQR', 'ES', 'EXR', 'F', 'FBHS', 'FITB', 'FLT', 'GNRC', 'GPC', 'HOLX', 'HPE', 'HSIC', 'ILMN', 'INTU', 'ISRG', 'IT', 'ITW', 'JCI', 'KLAC', 'LHX', 'LLY', 'LRCX', 'LUMN', 'MA', 'MCHP', 'MCO', 'MKTX', 'MNST', 'MTCH', 'NLOK', 'NLSN', 'NRG', 'NXPI', 'ODFL', 'OXY', 'PCAR', 'PNC', 'PNW', 'PWR', 'PYPL', 'QRVO', 'RF', 'RHI', 'ROK', 'SEE', 'SJM', 'SNPS', 'SPG', 'SRE', 'SWK', 'SWKS', 'TECH', 'TMO', 'UAA', 'UNH', 'VRSK', 'VRTX', 'WEC', 'WLTW', 'XYL', 'ZBH', 'ZION']","['Agilent Technologies', 'Accenture', 'Ansys', 'Air Products & Chemicals', 'Broadcom', 'Bristol Myers Squibb', 'Crown Castle', 'Cadence Design Systems', 'CenterPoint Energy', 'Charles River Laboratories', 'Catalent', 'Caesars Entertainment', 'DuPont', 'Discover Financial Services', 'DexCom', 'Eastman Chemical', 'EOG Resources', 'Equity Residential', 'Eversource Energy', 'Extra Space Storage', 'Ford', 'Fortune Brands Home & Security', 'Fifth Third Bancorp', 'Fleetcor', 'Generac Holdings', 'Genuine Parts', 'Hologic', 'Hewlett Packard Enterprise', 'Henry Schein', 'Illumina', 'Intuit', 'Intuitive Surgical', 'Gartner', 'Illinois Tool Works', 'Johnson Controls', 'KLA Corporation', 'L3Harris Technologies', 'Eli Lilly & Co', 'Lam Research', 'Lumen Technologies', 'Mastercard', 'Microchip Technology', ""Moody's Corporation"", 'MarketAxess', 'Monster Beverage', 'Match Group', 'NortonLifeLock', 'Nielsen Holdings', 'NRG Energy', 'NXP', 'Old Dominion Freight Line', 'Occidental Petroleum', 'Paccar', 'PNC Financial Services', 'Pinnacle West Capital', 'Quanta Services', 'PayPal', 'Qorvo', 'Regions Financial Corporation', 'Robert Half International', 'Rockwell Automation', 'Sealed Air', 'JM Smucker', 'Synopsys', 'Simon Property Group', 'Sempra Energy', 'Stanley Black & Decker', 'Skyworks Solutions', 'Bio-Techne', 'Thermo Fisher Scientific', 'Under Armour (Class A)', 'UnitedHealth Group', 'Verisk Analytics', 'Vertex Pharmaceuticals', 'WEC Energy Group', 'Willis Towers Watson', 'Xylem', 'Zimmer Biomet', 'Zions Bancorp']"
Charlie Chang,1,1,1,https://www.youtube.com/user/charjenmusic,"['A', 'AAP', 'AAPL', 'ADBE', 'ADI', 'ADM', 'ADSK', 'AEE', 'ALL', 'AMCR', 'ANSS', 'APA', 'AWK', 'AXP', 'AZO', 'BAX', 'BBWI', 'BBY', 'BKR', 'BR', 'BXP', 'CAG', 'CARR', 'CE', 'CHTR', 'CLX', 'COF', 'COO', 'COP', 'CTLT', 'DD', 'DHR', 'DRI', 'EMN', 'ETR', 'ETSY', 'EVRG', 'EW', 'FAST', 'FE', 'FFIV', 'FIS', 'FMC', 'FTV', 'GLW', 'GPN', 'GRMN', 'HIG', 'HPE', 'HUM', 'INCY', 'IPG', 'IRM', 'IT', 'ITW', 'IVZ', 'J', 'KLAC', 'KMI', 'KMX', 'LDOS', 'LEN', 'LOW', 'LYB', 'MDLZ', 'MHK', 'MNST', 'MOS', 'MPC', 'MPWR', 'MSI', 'NI', 'NLOK', 'NRG', 'NSC', 'NTAP', 'NTRS', 'NWSA', 'NXPI', 'OMC', 'PFG', 'PKG', 'PNR', 'PPG', 'PPL', 'PVH', 'PXD', 'REG', 'RHI', 'RL', 'ROL', 'ROP', 'RSG', 'SBAC', 'SCHW', 'SIVB', 'SPGI', 'STE', 'STZ', 'SWK', 'SYF', 'SYY', 'TAP', 'TDG', 'TDY', 'TECH', 'TFC', 'TPR', 'TRV', 'TYL', 'UAA', 'UDR', 'UHS', 'URI', 'V', 'VLO', 'VMC', 'VNO', 'VRSK', 'WAT', 'WBA', 'WEC', 'WLTW', 'WMB', 'WRB', 'WST', 'ZBH', 'ZBRA', 'ZTS']","['Agilent Technologies', 'Advance Auto Parts', 'Apple', 'Adobe', 'Analog Devices', 'ADM', 'Autodesk', 'Ameren Corp', 'Allstate Corp', 'Amcor', 'Ansys', 'APA Corporation', 'American Water Works', 'American Express', 'AutoZone', 'Baxter International', 'Bath & Body Works, Inc.', 'Best Buy', 'Baker Hughes', 'Broadridge Financial Solutions', 'Boston Properties', 'Conagra Brands', 'Carrier Global', 'Celanese', 'Charter Communications', 'Clorox', 'Capital One Financial', 'The Cooper Companies', 'ConocoPhillips', 'Catalent', 'DuPont', 'Danaher Corporation', 'Darden Restaurants', 'Eastman Chemical', 'Entergy', 'Etsy', 'Evergy', 'Edwards Lifesciences', 'Fastenal', 'FirstEnergy', 'F5 Networks', 'Fidelity National Information Services', 'FMC Corporation', 'Fortive', 'Corning', 'Global Payments', 'Garmin', 'The Hartford', 'Hewlett Packard Enterprise', 'Humana', 'Incyte', 'Interpublic Group', 'Iron Mountain', 'Gartner', 'Illinois Tool Works', 'Invesco', 'Jacobs Engineering Group', 'KLA Corporation', 'Kinder Morgan', 'CarMax', 'Leidos', 'Lennar', ""Lowe's"", 'LyondellBasell', 'Mondelez International', 'Mohawk Industries', 'Monster Beverage', 'The Mosaic Company', 'Marathon Petroleum', 'Monolithic Power Systems', 'Motorola Solutions', 'NiSource', 'NortonLifeLock', 'NRG Energy', 'Norfolk Southern', 'NetApp', 'Northern Trust', 'News Corp (Class A)', 'NXP', 'Omnicom Group', 'Principal Financial Group', 'Packaging Corporation of America', 'Pentair', 'PPG Industries', 'PPL', 'PVH', 'Pioneer Natural Resources', 'Regency Centers', 'Robert Half International', 'Ralph Lauren Corporation', 'Rollins', 'Roper Technologies', 'Republic Services', 'SBA Communications', 'Charles Schwab Corporation', 'SVB Financial', 'S&P Global', 'Steris', 'Constellation Brands', 'Stanley Black & Decker', 'Synchrony Financial', 'Sysco', 'Molson Coors Beverage Company', 'TransDigm Group', 'Teledyne Technologies', 'Bio-Techne', 'Truist Financial', 'Tapestry', 'The Travelers Companies', 'Tyler Technologies', 'Under Armour (Class A)', 'UDR', 'Universal Health Services', 'United Rentals', 'Visa', 'Valero Energy', 'Vulcan Materials', 'Vornado Realty Trust', 'Verisk Analytics', 'Waters Corporation', 'Walgreens Boots Alliance', 'WEC Energy Group', 'Willis Towers Watson', 'Williams Companies', 'W. R. Berkley Corporation', 'West Pharmaceutical Services', 'Zimmer Biomet', 'Zebra Technologies', 'Zoetis']"
Paul NGumah,1,1,1,https://www.youtube.com/channel/UC64YPvehSqRoNsBtzkyYfGg,"['A', 'ABMD', 'ADP', 'AEE', 'AIZ', 'ALLE', 'AON', 'APH', 'BLK', 'BSX', 'CFG', 'CLX', 'DHR', 'DOV', 'DVN', 'EFX', 'EOG', 'ETN', 'ETR', 'EVRG', 'EW', 'EXC', 'EXR', 'FAST', 'FBHS', 'FCX', 'FDX', 'FE', 'FIS', 'FISV', 'FITB', 'FMC', 'FRC', 'FRT', 'GD', 'GE', 'GILD', 'GIS', 'GLW', 'GNRC', 'GPC', 'GPN', 'GRMN', 'GWW', 'HBAN', 'HBI', 'HCA', 'HD', 'HES', 'HLT', 'HOLX', 'HON', 'HPE', 'HPQ', 'HRL', 'HSIC', 'HST', 'HWM', 'IP', 'IPG', 'IPGP', 'IQV', 'IR', 'ITW', 'IVZ', 'J', 'JBHT', 'JKHY', 'KHC', 'KIM', 'KLAC', 'KMB', 'KMX', 'KR', 'KSU', 'LDOS', 'LEG', 'LH', 'LIN', 'LKQ', 'LNC', 'LNT', 'LW', 'LYB', 'MA', 'MCD', 'MCHP', 'MCK', 'MCO', 'MGM', 'MHK', 'MKC', 'MKTX', 'MLM', 'MO', 'MOS', 'MPC', 'MPWR', 'MRO', 'MTCH', 'MTD', 'NCLH', 'NI', 'NOW', 'NRG', 'NTAP', 'NUE', 'NVR', 'NWL', 'NWS', 'NWSA', 'OKE', 'PAYC', 'PBCT', 'PEG', 'PFG', 'PKG', 'PNC', 'PNR', 'PPG', 'PSA', 'PWR', 'QRVO', 'REG', 'RF', 'RHI', 'RJF', 'ROK', 'ROL', 'ROP', 'RSG', 'SBAC', 'SHW', 'SIVB', 'SNA', 'SNPS', 'SPGI', 'SRE', 'STE', 'STT', 'SWK', 'SYF', 'SYK', 'SYY', 'TDY', 'TECH', 'TER', 'TFC', 'TMUS', 'TPR', 'TROW', 'TSCO', 'TT', 'TYL', 'UAA', 'UHS', 'UNH', 'VLO', 'VMC', 'VRSN', 'VRTX', 'VTR', 'WAB', 'WAT', 'WHR', 'WLTW', 'WMB', 'WRK', 'WST', 'WY', 'XYL', 'ZBH', 'ZBRA', 'ZTS']","['Agilent Technologies', 'Abiomed', 'Automatic Data Processing', 'Ameren Corp', 'Assurant', 'Allegion', 'Aon', 'Amphenol Corp', 'BlackRock', 'Boston Scientific', 'Citizens Financial Group', 'Clorox', 'Danaher Corporation', 'Dover Corporation', 'Devon Energy', 'Equifax', 'EOG Resources', 'Eaton Corporation', 'Entergy', 'Evergy', 'Edwards Lifesciences', 'Exelon', 'Extra Space Storage', 'Fastenal', 'Fortune Brands Home & Security', 'Freeport-McMoRan', 'FedEx', 'FirstEnergy', 'Fidelity National Information Services', 'Fiserv', 'Fifth Third Bancorp', 'FMC Corporation', 'First Republic Bank', 'Federal Realty Investment Trust', 'General Dynamics', 'General Electric', 'Gilead Sciences', 'General Mills', 'Corning', 'Generac Holdings', 'Genuine Parts', 'Global Payments', 'Garmin', 'W. W. Grainger', 'Huntington Bancshares', 'Hanesbrands', 'HCA Healthcare', 'Home Depot', 'Hess Corporation', 'Hilton Worldwide', 'Hologic', 'Honeywell', 'Hewlett Packard Enterprise', 'HP', 'Hormel', 'Henry Schein', 'Host Hotels & Resorts', 'Howmet Aerospace', 'International Paper', 'Interpublic Group', 'IPG Photonics', 'IQVIA', 'Ingersoll Rand', 'Illinois Tool Works', 'Invesco', 'Jacobs Engineering Group', 'J. B. Hunt', 'Jack Henry & Associates', 'Kraft Heinz', 'Kimco Realty', 'KLA Corporation', 'Kimberly-Clark', 'CarMax', 'Kroger', 'Kansas City Southern', 'Leidos', 'Leggett & Platt', 'LabCorp', 'Linde', 'LKQ Corporation', 'Lincoln National', 'Alliant Energy', 'Lamb Weston', 'LyondellBasell', 'Mastercard', ""McDonald's"", 'Microchip Technology', 'McKesson Corporation', ""Moody's Corporation"", 'MGM Resorts International', 'Mohawk Industries', 'McCormick & Company', 'MarketAxess', 'Martin Marietta Materials', 'Altria Group', 'The Mosaic Company', 'Marathon Petroleum', 'Monolithic Power Systems', 'Marathon Oil', 'Match Group', 'Mettler Toledo', 'Norwegian Cruise Line Holdings', 'NiSource', 'ServiceNow', 'NRG Energy', 'NetApp', 'Nucor', 'NVR', 'Newell Brands', 'News Corp (Class B)', 'News Corp (Class A)', 'Oneok', 'Paycom', ""People's United Financial"", 'Public Service Enterprise Group', 'Principal Financial Group', 'Packaging Corporation of America', 'PNC Financial Services', 'Pentair', 'PPG Industries', 'Public Storage', 'Quanta Services', 'Qorvo', 'Regency Centers', 'Regions Financial Corporation', 'Robert Half International', 'Raymond James Financial', 'Rockwell Automation', 'Rollins', 'Roper Technologies', 'Republic Services', 'SBA Communications', 'Sherwin-Williams', 'SVB Financial', 'Snap-on', 'Synopsys', 'S&P Global', 'Sempra Energy', 'Steris', 'State Street Corporation', 'Stanley Black & Decker', 'Synchrony Financial', 'Stryker Corporation', 'Sysco', 'Teledyne Technologies', 'Bio-Techne', 'Teradyne', 'Truist Financial', 'T-Mobile US', 'Tapestry', 'T. Rowe Price', 'Tractor Supply Company', 'Trane Technologies', 'Tyler Technologies', 'Under Armour (Class A)', 'Universal Health Services', 'UnitedHealth Group', 'Valero Energy', 'Vulcan Materials', 'Verisign', 'Vertex Pharmaceuticals', 'Ventas', 'Wabtec', 'Waters Corporation', 'Whirlpool Corporation', 'Willis Towers Watson', 'Williams Companies', 'WestRock', 'West Pharmaceutical Services', 'Weyerhaeuser', 'Xylem', 'Zimmer Biomet', 'Zebra Technologies', 'Zoetis']"
Jerry Romine Entrepreneur Abroad,1,0,0,https://www.youtube.com/user/padnag1,"['A', 'ABC', 'ABMD', 'ACN', 'ADI', 'ADM', 'AEE', 'AEP', 'AES', 'AIZ', 'AJG', 'ALK', 'ALL', 'ALLE', 'AMCR', 'AMT', 'AON', 'APA', 'APTV', 'ATO', 'AVB', 'AVY', 'AZO', 'BBWI', 'BK', 'BKNG', 'BKR', 'BLK', 'BR', 'BWA', 'BXP', 'CAG', 'CAH', 'CBRE', 'CDNS', 'CE', 'CF', 'CFG', 'CHD', 'CHRW', 'CHTR', 'CINF', 'CL', 'CNP', 'COF', 'COO', 'COP', 'CRL', 'CTAS', 'CTVA', 'CVX', 'CZR', 'DAL', 'DD', 'DFS', 'DGX', 'DHI', 'DHR', 'DISCK', 'DOV', 'DPZ', 'DRI', 'DVN', 'DXCM', 'ECL', 'EIX', 'EMN', 'EMR', 'EOG', 'EQR', 'ES', 'ESS', 'ETN', 'ETR', 'EVRG', 'EW', 'EXC', 'EXPD', 'EXR', 'FAST', 'FIS', 'FITB', 'FMC', 'FOXA', 'FRT', 'FTNT', 'GD', 'GLW', 'GNRC', 'GPC', 'GPN', 'GWW', 'HAS', 'HBI', 'HIG', 'HOLX', 'HON', 'HPE', 'HRL', 'HSIC', 'HSY', 'HUM', 'HWM', 'ICE', 'IDXX', 'INCY', 'INTU', 'IP', 'IT', 'ITW', 'IVZ', 'J', 'JCI', 'JKHY', 'KLAC', 'KMI', 'KMX', 'KO', 'KR', 'KSU', 'L', 'LDOS', 'LEN', 'LH', 'LHX', 'LIN', 'LKQ', 'LNC', 'LNT', 'LOW', 'LRCX', 'LUV', 'LVS', 'LW', 'LYV', 'MA', 'MCD', 'MCHP', 'MCO', 'MDLZ', 'MGM', 'MHK', 'MKC', 'MKTX', 'MLM', 'MMC', 'MNST', 'MOS', 'MPWR', 'MRO', 'MSCI', 'MSI', 'MTCH', 'MTD', 'NEE', 'NI', 'NLOK', 'NOC', 'NOW', 'NRG', 'NSC', 'NTAP', 'NTRS', 'NUE', 'NVR', 'NWL', 'NWS', 'NWSA', 'NXPI', 'ODFL', 'OKE', 'OMC', 'ORLY', 'PAYC', 'PBCT', 'PCAR', 'PEAK', 'PFG', 'PGR', 'PH', 'PHM', 'PKG', 'PLD', 'PNC', 'PNR', 'PNW', 'PPG', 'PPL', 'PRU', 'PVH', 'PWR', 'PXD', 'QRVO', 'RCL', 'RE', 'REG', 'REGN', 'RF', 'RHI', 'RJF', 'RL', 'ROK', 'ROL', 'ROP', 'ROST', 'RSG', 'SBAC', 'SIVB', 'SJM', 'SLB', 'SNA', 'SNPS', 'SPGI', 'SRE', 'STE', 'STT', 'STX', 'STZ', 'SWK', 'SYF', 'SYY', 'TDY', 'TER', 'TFX', 'TGT', 'TJX', 'TMO', 'TMUS', 'TPR', 'TRMB', 'TROW', 'TRV', 'TSCO', 'TSN', 'TT', 'TXN', 'UDR', 'UHS', 'URI', 'USB', 'VLO', 'VMC', 'VNO', 'VRSK', 'VTR', 'VTRS', 'WAB', 'WAT', 'WEC', 'WHR', 'WLTW', 'WMB', 'WMT', 'WST', 'XEL', 'ZBH', 'ZBRA', 'ZTS']","['Agilent Technologies', 'AmerisourceBergen', 'Abiomed', 'Accenture', 'Analog Devices', 'ADM', 'Ameren Corp', 'American Electric Power', 'AES Corp', 'Assurant', 'Arthur J. Gallagher & Co.', 'Alaska Air Group', 'Allstate Corp', 'Allegion', 'Amcor', 'American Tower', 'Aon', 'APA Corporation', 'Aptiv', 'Atmos Energy', 'AvalonBay Communities', 'Avery Dennison', 'AutoZone', 'Bath & Body Works, Inc.', 'BNY Mellon', 'Booking Holdings', 'Baker Hughes', 'BlackRock', 'Broadridge Financial Solutions', 'BorgWarner', 'Boston Properties', 'Conagra Brands', 'Cardinal Health', 'CBRE', 'Cadence Design Systems', 'Celanese', 'CF Industries', 'Citizens Financial Group', 'Church & Dwight', 'C. H. Robinson', 'Charter Communications', 'Cincinnati Financial', 'Colgate-Palmolive', 'CenterPoint Energy', 'Capital One Financial', 'The Cooper Companies', 'ConocoPhillips', 'Charles River Laboratories', 'Cintas Corporation', 'Corteva', 'Chevron Corporation', 'Caesars Entertainment', 'Delta Air Lines', 'DuPont', 'Discover Financial Services', 'Quest Diagnostics', 'D. R. Horton', 'Danaher Corporation', 'Discovery (Series C)', 'Dover Corporation', ""Domino's Pizza"", 'Darden Restaurants', 'Devon Energy', 'DexCom', 'Ecolab', 'Edison International', 'Eastman Chemical', 'Emerson Electric Company', 'EOG Resources', 'Equity Residential', 'Eversource Energy', 'Essex Property Trust', 'Eaton Corporation', 'Entergy', 'Evergy', 'Edwards Lifesciences', 'Exelon', 'Expeditors', 'Extra Space Storage', 'Fastenal', 'Fidelity National Information Services', 'Fifth Third Bancorp', 'FMC Corporation', 'Fox Corporation (Class A)', 'Federal Realty Investment Trust', 'Fortinet', 'General Dynamics', 'Corning', 'Generac Holdings', 'Genuine Parts', 'Global Payments', 'W. W. Grainger', 'Hasbro', 'Hanesbrands', 'The Hartford', 'Hologic', 'Honeywell', 'Hewlett Packard Enterprise', 'Hormel', 'Henry Schein', 'The Hershey Company', 'Humana', 'Howmet Aerospace', 'Intercontinental Exchange', 'Idexx Laboratories', 'Incyte', 'Intuit', 'International Paper', 'Gartner', 'Illinois Tool Works', 'Invesco', 'Jacobs Engineering Group', 'Johnson Controls', 'Jack Henry & Associates', 'KLA Corporation', 'Kinder Morgan', 'CarMax', 'Coca-Cola Company', 'Kroger', 'Kansas City Southern', 'Loews Corporation', 'Leidos', 'Lennar', 'LabCorp', 'L3Harris Technologies', 'Linde', 'LKQ Corporation', 'Lincoln National', 'Alliant Energy', ""Lowe's"", 'Lam Research', 'Southwest Airlines', 'Las Vegas Sands', 'Lamb Weston', 'Live Nation Entertainment', 'Mastercard', ""McDonald's"", 'Microchip Technology', ""Moody's Corporation"", 'Mondelez International', 'MGM Resorts International', 'Mohawk Industries', 'McCormick & Company', 'MarketAxess', 'Martin Marietta Materials', 'Marsh & McLennan', 'Monster Beverage', 'The Mosaic Company', 'Monolithic Power Systems', 'Marathon Oil', 'MSCI', 'Motorola Solutions', 'Match Group', 'Mettler Toledo', 'NextEra Energy', 'NiSource', 'NortonLifeLock', 'Northrop Grumman', 'ServiceNow', 'NRG Energy', 'Norfolk Southern', 'NetApp', 'Northern Trust', 'Nucor', 'NVR', 'Newell Brands', 'News Corp (Class B)', 'News Corp (Class A)', 'NXP', 'Old Dominion Freight Line', 'Oneok', 'Omnicom Group', ""O'Reilly Automotive"", 'Paycom', ""People's United Financial"", 'Paccar', 'Healthpeak Properties', 'Principal Financial Group', 'Progressive Corporation', 'Parker-Hannifin', 'PulteGroup', 'Packaging Corporation of America', 'Prologis', 'PNC Financial Services', 'Pentair', 'Pinnacle West Capital', 'PPG Industries', 'PPL', 'Prudential Financial', 'PVH', 'Quanta Services', 'Pioneer Natural Resources', 'Qorvo', 'Royal Caribbean Group', 'Everest Re', 'Regency Centers', 'Regeneron Pharmaceuticals', 'Regions Financial Corporation', 'Robert Half International', 'Raymond James Financial', 'Ralph Lauren Corporation', 'Rockwell Automation', 'Rollins', 'Roper Technologies', 'Ross Stores', 'Republic Services', 'SBA Communications', 'SVB Financial', 'JM Smucker', 'Schlumberger', 'Snap-on', 'Synopsys', 'S&P Global', 'Sempra Energy', 'Steris', 'State Street Corporation', 'Seagate Technology', 'Constellation Brands', 'Stanley Black & Decker', 'Synchrony Financial', 'Sysco', 'Teledyne Technologies', 'Teradyne', 'Teleflex', 'Target Corporation', 'TJX Companies', 'Thermo Fisher Scientific', 'T-Mobile US', 'Tapestry', 'Trimble', 'T. Rowe Price', 'The Travelers Companies', 'Tractor Supply Company', 'Tyson Foods', 'Trane Technologies', 'Texas Instruments', 'UDR', 'Universal Health Services', 'United Rentals', 'U.S. Bancorp', 'Valero Energy', 'Vulcan Materials', 'Vornado Realty Trust', 'Verisk Analytics', 'Ventas', 'Viatris', 'Wabtec', 'Waters Corporation', 'WEC Energy Group', 'Whirlpool Corporation', 'Willis Towers Watson', 'Williams Companies', 'Walmart', 'West Pharmaceutical Services', 'Xcel Energy', 'Zimmer Biomet', 'Zebra Technologies', 'Zoetis']"
Investor Center,1,1,1,https://www.youtube.com/channel/UC2cL3pI1H3tiozKif6A8fmA,"['A', 'DRE', 'MET', 'OGN', 'PRU', 'SPGI', 'TROW']","['Agilent Technologies', 'Duke Realty Corp', 'MetLife', 'Organon & Co.', 'Prudential Financial', 'S&P Global', 'T. Rowe Price']"
"Let's Talk Money! with Joseph Hogue, CFA",1,1,1,https://www.youtube.com/channel/UCbKdotYtcY9SxoU8CYAXdvg,"['A', 'ABBV', 'ABC', 'ADM', 'ADP', 'ADSK', 'AES', 'ALB', 'ALK', 'AMCR', 'AMGN', 'ANSS', 'ANTM', 'APTV', 'ATVI', 'AVB', 'AWK', 'BBWI', 'BDX', 'BIIB', 'BIO', 'BK', 'BKR', 'BSX', 'BWA', 'BXP', 'CAG', 'CE', 'CF', 'CFG', 'CHTR', 'CI', 'CL', 'CPB', 'CVX', 'CZR', 'D', 'DAL', 'DGX', 'DHI', 'DLR', 'DUK', 'DVN', 'DXC', 'ED', 'EIX', 'EMR', 'EOG', 'EQIX', 'EQR', 'ES', 'ETN', 'ETR', 'EXPD', 'F', 'FANG', 'FE', 'FRT', 'FTNT', 'GOOG', 'GPN', 'GRMN', 'GWW', 'HBAN', 'HBI', 'HCA', 'HRL', 'IDXX', 'ILMN', 'INCY', 'INTU', 'IPG', 'IPGP', 'IRM', 'IT', 'IVZ', 'JCI', 'KIM', 'KMI', 'L', 'LNC', 'LRCX', 'LUV', 'LYB', 'LYV', 'MAA', 'MDLZ', 'MDT', 'MKC', 'MMM', 'MPWR', 'MTB', 'NEE', 'NLOK', 'NTAP', 'NTRS', 'NWSA', 'O', 'ODFL', 'OKE', 'OMC', 'PBCT', 'PCAR', 'PGR', 'PLD', 'PNW', 'PPL', 'PSX', 'PYPL', 'RF', 'RJF', 'RMD', 'SCHW', 'SNA', 'SO', 'SPG', 'SPGI', 'STX', 'STZ', 'SWK', 'SWKS', 'SYY', 'TDY', 'TECH', 'TER', 'TFX', 'TMO', 'TSCO', 'TTWO', 'UAL', 'UDR', 'UHS', 'V', 'VNO', 'VTR', 'VTRS', 'VZ', 'WAT', 'WEC', 'WHR', 'WMB', 'WST', 'XOM', 'ZBH']","['Agilent Technologies', 'AbbVie', 'AmerisourceBergen', 'ADM', 'Automatic Data Processing', 'Autodesk', 'AES Corp', 'Albemarle Corporation', 'Alaska Air Group', 'Amcor', 'Amgen', 'Ansys', 'Anthem', 'Aptiv', 'Activision Blizzard', 'AvalonBay Communities', 'American Water Works', 'Bath & Body Works, Inc.', 'Becton Dickinson', 'Biogen', 'Bio-Rad Laboratories', 'BNY Mellon', 'Baker Hughes', 'Boston Scientific', 'BorgWarner', 'Boston Properties', 'Conagra Brands', 'Celanese', 'CF Industries', 'Citizens Financial Group', 'Charter Communications', 'Cigna', 'Colgate-Palmolive', 'Campbell Soup', 'Chevron Corporation', 'Caesars Entertainment', 'Dominion Energy', 'Delta Air Lines', 'Quest Diagnostics', 'D. R. Horton', 'Digital Realty Trust', 'Duke Energy', 'Devon Energy', 'DXC Technology', 'Consolidated Edison', 'Edison International', 'Emerson Electric Company', 'EOG Resources', 'Equinix', 'Equity Residential', 'Eversource Energy', 'Eaton Corporation', 'Entergy', 'Expeditors', 'Ford', 'Diamondback Energy', 'FirstEnergy', 'Federal Realty Investment Trust', 'Fortinet', 'Alphabet (Class C)', 'Global Payments', 'Garmin', 'W. W. Grainger', 'Huntington Bancshares', 'Hanesbrands', 'HCA Healthcare', 'Hormel', 'Idexx Laboratories', 'Illumina', 'Incyte', 'Intuit', 'Interpublic Group', 'IPG Photonics', 'Iron Mountain', 'Gartner', 'Invesco', 'Johnson Controls', 'Kimco Realty', 'Kinder Morgan', 'Loews Corporation', 'Lincoln National', 'Lam Research', 'Southwest Airlines', 'LyondellBasell', 'Live Nation Entertainment', 'Mid-America Apartments', 'Mondelez International', 'Medtronic', 'McCormick & Company', '3M', 'Monolithic Power Systems', 'M&T Bank', 'NextEra Energy', 'NortonLifeLock', 'NetApp', 'Northern Trust', 'News Corp (Class A)', 'Realty Income Corporation', 'Old Dominion Freight Line', 'Oneok', 'Omnicom Group', ""People's United Financial"", 'Paccar', 'Progressive Corporation', 'Prologis', 'Pinnacle West Capital', 'PPL', 'Phillips 66', 'PayPal', 'Regions Financial Corporation', 'Raymond James Financial', 'ResMed', 'Charles Schwab Corporation', 'Snap-on', 'Southern Company', 'Simon Property Group', 'S&P Global', 'Seagate Technology', 'Constellation Brands', 'Stanley Black & Decker', 'Skyworks Solutions', 'Sysco', 'Teledyne Technologies', 'Bio-Techne', 'Teradyne', 'Teleflex', 'Thermo Fisher Scientific', 'Tractor Supply Company', 'Take-Two Interactive', 'United Airlines', 'UDR', 'Universal Health Services', 'Visa', 'Vornado Realty Trust', 'Ventas', 'Viatris', 'Verizon Communications', 'Waters Corporation', 'WEC Energy Group', 'Whirlpool Corporation', 'Williams Companies', 'West Pharmaceutical Services', 'ExxonMobil', 'Zimmer Biomet']"
Wall Street Millennial,1,1,1,https://www.youtube.com/channel/UCUyH4QfXX-5NOT0bULqG6lQ,"['A', 'AIG', 'BK', 'CL', 'INFO', 'MS', 'OXY', 'TRV']","['Agilent Technologies', 'American International Group', 'BNY Mellon', 'Colgate-Palmolive', 'IHS Markit', 'Morgan Stanley', 'Occidental Petroleum', 'The Travelers Companies']"
New York Stock Exchange,0,0,0,https://www.youtube.com/user/nysetv1,"['A', 'AES', 'AIZ', 'ICE', 'LYB', 'OGN', 'SYY', 'TYL', 'UHS']","['Agilent Technologies', 'AES Corp', 'Assurant', 'Intercontinental Exchange', 'LyondellBasell', 'Organon & Co.', 'Sysco', 'Tyler Technologies', 'Universal Health Services']"
Deadnsyde,1,1,1,https://www.youtube.com/channel/UCLF4C8ikMjOElQrNhTrO8yg,"['A', 'ABMD', 'ALK', 'ALLE', 'AME', 'AMT', 'ANTM', 'BBY', 'BK', 'CB', 'CMA', 'CMS', 'CNP', 'COG', 'COST', 'DISCK', 'DVA', 'EA', 'ECL', 'ED', 'EMN', 'EQR', 'ETR', 'EW', 'FIS', 'FRC', 'GNRC', 'GOOGL', 'GWW', 'HRL', 'HWM', 'IFF', 'IT', 'J', 'JCI', 'JNPR', 'LLY', 'LNT', 'MKTX', 'NOW', 'NWSA', 'OGN', 'ROL', 'SBAC', 'SIVB', 'SNPS', 'STZ', 'SYF', 'TER', 'TWTR', 'UNH', 'V', 'VRSK', 'WAB', 'WAT', 'WRK', 'XEL', 'XYL', 'ZBH', 'ZTS']","['Agilent Technologies', 'Abiomed', 'Alaska Air Group', 'Allegion', 'Ametek', 'American Tower', 'Anthem', 'Best Buy', 'BNY Mellon', 'Chubb', 'Comerica', 'CMS Energy', 'CenterPoint Energy', 'Cabot Oil & Gas', 'Costco', 'Discovery (Series C)', 'DaVita', 'Electronic Arts', 'Ecolab', 'Consolidated Edison', 'Eastman Chemical', 'Equity Residential', 'Entergy', 'Edwards Lifesciences', 'Fidelity National Information Services', 'First Republic Bank', 'Generac Holdings', 'Alphabet (Class A)', 'W. W. Grainger', 'Hormel', 'Howmet Aerospace', 'International Flavors & Fragrances', 'Gartner', 'Jacobs Engineering Group', 'Johnson Controls', 'Juniper Networks', 'Eli Lilly & Co', 'Alliant Energy', 'MarketAxess', 'ServiceNow', 'News Corp (Class A)', 'Organon & Co.', 'Rollins', 'SBA Communications', 'SVB Financial', 'Synopsys', 'Constellation Brands', 'Synchrony Financial', 'Teradyne', 'Twitter', 'UnitedHealth Group', 'Visa', 'Verisk Analytics', 'Wabtec', 'Waters Corporation', 'WestRock', 'Xcel Energy', 'Xylem', 'Zimmer Biomet', 'Zoetis']"
Business Basics,1,1,1,https://www.youtube.com/channel/UCfWNZIJkm268rLO_yeRlcww,"['A', 'ABBV', 'AJG', 'BR', 'BRK.B', 'CB', 'CERN', 'CHTR', 'CMCSA', 'CME', 'COF', 'CRM', 'CVX', 'DISCK', 'EL', 'EXC', 'FISV', 'GPN', 'HUM', 'IFF', 'IVZ', 'KHC', 'KR', 'LNT', 'NFLX', 'TSLA', 'XOM']","['Agilent Technologies', 'AbbVie', 'Arthur J. Gallagher & Co.', 'Broadridge Financial Solutions', 'Berkshire Hathaway', 'Chubb', 'Cerner', 'Charter Communications', 'Comcast', 'CME Group', 'Capital One Financial', 'Salesforce', 'Chevron Corporation', 'Discovery (Series C)', 'EstÔøΩe Lauder Companies', 'Exelon', 'Fiserv', 'Global Payments', 'Humana', 'International Flavors & Fragrances', 'Invesco', 'Kraft Heinz', 'Kroger', 'Alliant Energy', 'Netflix', 'Tesla', 'ExxonMobil']"
TPG Investing,1,1,1,https://www.youtube.com/channel/UCP8R_EKBKptcylykLfXoPDg,"['A', 'CE', 'FBHS']","['Agilent Technologies', 'Celanese', 'Fortune Brands Home & Security']"
JT Wealth,1,1,1,https://www.youtube.com/channel/UC0h64epNmMIPYuqSGKCrj9Q,"['A', 'AES', 'ALL', 'AMAT', 'APA', 'APD', 'BAX', 'BKNG', 'CSCO', 'CTSH', 'DOV', 'EIX', 'FISV', 'GIS', 'GPN', 'GS', 'HSY', 'KLAC', 'LNC', 'MCHP', 'NCLH', 'NI', 'NRG', 'NTRS', 'NXPI', 'QRVO', 'RJF', 'SIVB', 'SNA', 'SWK', 'TMUS', 'TPR', 'TXN', 'WMB', 'ZBH']","['Agilent Technologies', 'AES Corp', 'Allstate Corp', 'Applied Materials', 'APA Corporation', 'Air Products & Chemicals', 'Baxter International', 'Booking Holdings', 'Cisco Systems', 'Cognizant Technology Solutions', 'Dover Corporation', 'Edison International', 'Fiserv', 'General Mills', 'Global Payments', 'Goldman Sachs', 'The Hershey Company', 'KLA Corporation', 'Lincoln National', 'Microchip Technology', 'Norwegian Cruise Line Holdings', 'NiSource', 'NRG Energy', 'Northern Trust', 'NXP', 'Qorvo', 'Raymond James Financial', 'SVB Financial', 'Snap-on', 'Stanley Black & Decker', 'T-Mobile US', 'Tapestry', 'Texas Instruments', 'Williams Companies', 'Zimmer Biomet']"
TheMeasurementBlues,1,1,1,https://www.youtube.com/user/TheMeasurementBlues,['A'],['Agilent Technologies']
Minju David Lee,1,1,1,https://www.youtube.com/user/soma9nice,['A'],['Agilent Technologies']
Schrute Stocks - Invest,1,1,1,https://www.youtube.com/channel/UC2PaiICVKv8EIWjvyeMv6eQ,['A'],['Agilent Technologies']
Chicken Genius Singapore,1,1,1,https://www.youtube.com/channel/UC0OnreqP55xLpA6W5nzxb5Q,"['A', 'ALGN', 'ILMN', 'TSLA']","['Agilent Technologies', 'Align Technology', 'Illumina', 'Tesla']"
Everything Money,1,1,1,https://www.youtube.com/channel/UChBVf9YnourrEDTsbbwJPRA,"['AAL', 'AAP', 'AAPL', 'ABBV', 'ABC', 'ADBE', 'ADI', 'AEP', 'AKAM', 'ALK', 'ALL', 'AMAT', 'AMD', 'AMGN', 'AMT', 'AMZN', 'AOS', 'APD', 'ARE', 'ATO', 'ATVI', 'AVGO', 'AZO', 'BA', 'BAC', 'BBY', 'BIIB', 'BK', 'BMY', 'BRK.B', 'BWA', 'C', 'CAG', 'CAH', 'CBRE', 'CCI', 'CCL', 'CDNS', 'CHD', 'CHTR', 'CI', 'CINF', 'CL', 'CLX', 'CMCSA', 'CMG', 'CNP', 'COO', 'COST', 'CPB', 'CRM', 'CSCO', 'CTAS', 'CTSH', 'CTXS', 'CVS', 'CVX', 'DAL', 'DG', 'DGX', 'DHI', 'DIS', 'DISCA', 'DISCK', 'DLR', 'DLTR', 'DOW', 'DXC', 'EA', 'EBAY', 'ECL', 'ED', 'EIX', 'ETSY', 'EW', 'EXR', 'F', 'FANG', 'FAST', 'FB', 'FDX', 'FE', 'FITB', 'FMC', 'FOX', 'FOXA', 'GD', 'GE', 'GILD', 'GIS', 'GM', 'GOOG', 'GOOGL', 'GPC', 'GRMN', 'GS', 'HBAN', 'HCA', 'HD', 'HII', 'HOLX', 'HPE', 'HPQ', 'HRL', 'HSY', 'IBM', 'IDXX', 'INTC', 'IPGP', 'IVZ', 'JNJ', 'JPM', 'K', 'KHC', 'KLAC', 'KMB', 'KMX', 'KO', 'KR', 'L', 'LEG', 'LEN', 'LMT', 'LNT', 'LOW', 'LUMN', 'LUV', 'LVS', 'LYV', 'MAA', 'MAR', 'MAS', 'MCD', 'MCHP', 'MDLZ', 'MHK', 'MMC', 'MMM', 'MNST', 'MO', 'MRK', 'MRNA', 'MSFT', 'MTCH', 'MU', 'NCLH', 'NFLX', 'NI', 'NKE', 'NLOK', 'NLSN', 'NOC', 'NOW', 'NRG', 'NTAP', 'NVDA', 'NWL', 'NXPI', 'O', 'OKE', 'ORCL', 'ORLY', 'PAYC', 'PAYX', 'PEAK', 'PENN', 'PEP', 'PFE', 'PG', 'PGR', 'PHM', 'PM', 'PNR', 'PNW', 'PRU', 'PTC', 'PXD', 'PYPL', 'QCOM', 'RE', 'REGN', 'ROK', 'RSG', 'SBUX', 'SEE', 'SHW', 'SJM', 'SNA', 'SPG', 'SYY', 'T', 'TAP', 'TER', 'TGT', 'TJX', 'TMO', 'TMUS', 'TSCO', 'TSLA', 'TSN', 'TTWO', 'TWTR', 'TXN', 'UA', 'UAA', 'UAL', 'ULTA', 'UNP', 'UPS', 'VFC', 'VIAC', 'VRTX', 'VZ', 'WAB', 'WBA', 'WHR', 'WM', 'WMT', 'WYNN', 'XLNX', 'XOM', 'XYL']","['American Airlines Group', 'Advance Auto Parts', 'Apple', 'AbbVie', 'AmerisourceBergen', 'Adobe', 'Analog Devices', 'American Electric Power', 'Akamai Technologies', 'Alaska Air Group', 'Allstate Corp', 'Applied Materials', 'Advanced Micro Devices', 'Amgen', 'American Tower', 'Amazon', 'A. O. Smith', 'Air Products & Chemicals', 'Alexandria Real Estate Equities', 'Atmos Energy', 'Activision Blizzard', 'Broadcom', 'AutoZone', 'Boeing', 'Bank of America', 'Best Buy', 'Biogen', 'BNY Mellon', 'Bristol Myers Squibb', 'Berkshire Hathaway', 'BorgWarner', 'Citigroup', 'Conagra Brands', 'Cardinal Health', 'CBRE', 'Crown Castle', 'Carnival Corporation', 'Cadence Design Systems', 'Church & Dwight', 'Charter Communications', 'Cigna', 'Cincinnati Financial', 'Colgate-Palmolive', 'Clorox', 'Comcast', 'Chipotle Mexican Grill', 'CenterPoint Energy', 'The Cooper Companies', 'Costco', 'Campbell Soup', 'Salesforce', 'Cisco Systems', 'Cintas Corporation', 'Cognizant Technology Solutions', 'Citrix Systems', 'CVS Health', 'Chevron Corporation', 'Delta Air Lines', 'Dollar General', 'Quest Diagnostics', 'D. R. Horton', 'The Walt Disney Company', 'Discovery (Series A)', 'Discovery (Series C)', 'Digital Realty Trust', 'Dollar Tree', 'Dow', 'DXC Technology', 'Electronic Arts', 'eBay', 'Ecolab', 'Consolidated Edison', 'Edison International', 'Etsy', 'Edwards Lifesciences', 'Extra Space Storage', 'Ford', 'Diamondback Energy', 'Fastenal', 'Facebook', 'FedEx', 'FirstEnergy', 'Fifth Third Bancorp', 'FMC Corporation', 'Fox Corporation (Class B)', 'Fox Corporation (Class A)', 'General Dynamics', 'General Electric', 'Gilead Sciences', 'General Mills', 'General Motors', 'Alphabet (Class C)', 'Alphabet (Class A)', 'Genuine Parts', 'Garmin', 'Goldman Sachs', 'Huntington Bancshares', 'HCA Healthcare', 'Home Depot', 'Huntington Ingalls Industries', 'Hologic', 'Hewlett Packard Enterprise', 'HP', 'Hormel', 'The Hershey Company', 'IBM', 'Idexx Laboratories', 'Intel', 'IPG Photonics', 'Invesco', 'Johnson & Johnson', 'JPMorgan Chase', ""Kellogg's"", 'Kraft Heinz', 'KLA Corporation', 'Kimberly-Clark', 'CarMax', 'Coca-Cola Company', 'Kroger', 'Loews Corporation', 'Leggett & Platt', 'Lennar', 'Lockheed Martin', 'Alliant Energy', ""Lowe's"", 'Lumen Technologies', 'Southwest Airlines', 'Las Vegas Sands', 'Live Nation Entertainment', 'Mid-America Apartments', 'Marriott International', 'Masco', ""McDonald's"", 'Microchip Technology', 'Mondelez International', 'Mohawk Industries', 'Marsh & McLennan', '3M', 'Monster Beverage', 'Altria Group', 'Merck & Co.', 'Moderna', 'Microsoft', 'Match Group', 'Micron Technology', 'Norwegian Cruise Line Holdings', 'Netflix', 'NiSource', 'Nike', 'NortonLifeLock', 'Nielsen Holdings', 'Northrop Grumman', 'ServiceNow', 'NRG Energy', 'NetApp', 'Nvidia', 'Newell Brands', 'NXP', 'Realty Income Corporation', 'Oneok', 'Oracle', ""O'Reilly Automotive"", 'Paycom', 'Paychex', 'Healthpeak Properties', 'Penn National Gaming', 'PepsiCo', 'Pfizer', 'Procter & Gamble', 'Progressive Corporation', 'PulteGroup', 'Philip Morris International', 'Pentair', 'Pinnacle West Capital', 'Prudential Financial', 'PTC', 'Pioneer Natural Resources', 'PayPal', 'Qualcomm', 'Everest Re', 'Regeneron Pharmaceuticals', 'Rockwell Automation', 'Republic Services', 'Starbucks', 'Sealed Air', 'Sherwin-Williams', 'JM Smucker', 'Snap-on', 'Simon Property Group', 'Sysco', 'AT&T', 'Molson Coors Beverage Company', 'Teradyne', 'Target Corporation', 'TJX Companies', 'Thermo Fisher Scientific', 'T-Mobile US', 'Tractor Supply Company', 'Tesla', 'Tyson Foods', 'Take-Two Interactive', 'Twitter', 'Texas Instruments', 'Under Armour (Class C)', 'Under Armour (Class A)', 'United Airlines', 'Ulta Beauty', 'Union Pacific', 'United Parcel Service', 'VF Corporation', 'ViacomCBS', 'Vertex Pharmaceuticals', 'Verizon Communications', 'Wabtec', 'Walgreens Boots Alliance', 'Whirlpool Corporation', 'Waste Management', 'Walmart', 'Wynn Resorts', 'Xilinx', 'ExxonMobil', 'Xylem']"
Money Dad,1,1,1,https://www.youtube.com/channel/UC0qB_3XYgujbqYr9vOPPXcg,"['AAL', 'AMZN', 'ATVI', 'CCL', 'NCLH', 'RCL']","['American Airlines Group', 'Amazon', 'Activision Blizzard', 'Carnival Corporation', 'Norwegian Cruise Line Holdings', 'Royal Caribbean Group']"
Ideal Trading Idea's,1,1,1,https://www.youtube.com/channel/UC-lYhNd49gBAccRsu_AT6WA,"['AAL', 'AEE', 'C', 'HBI', 'MSFT', 'T']","['American Airlines Group', 'Ameren Corp', 'Citigroup', 'Hanesbrands', 'Microsoft', 'AT&T']"
Ricky Gutierrez,1,1,1,https://www.youtube.com/channel/UCtlAFoYl2aWb6pMiHCctQHA,"['AAL', 'AME', 'BBY', 'CHTR', 'FAST', 'FIS', 'GILD', 'IVZ', 'KLAC', 'KMX', 'KR', 'LOW', 'NKE', 'NOW', 'ORCL', 'ROK', 'ROL', 'ROST', 'SEE', 'UAA', 'WRB']","['American Airlines Group', 'Ametek', 'Best Buy', 'Charter Communications', 'Fastenal', 'Fidelity National Information Services', 'Gilead Sciences', 'Invesco', 'KLA Corporation', 'CarMax', 'Kroger', ""Lowe's"", 'Nike', 'ServiceNow', 'Oracle', 'Rockwell Automation', 'Rollins', 'Ross Stores', 'Sealed Air', 'Under Armour (Class A)', 'W. R. Berkley Corporation']"
WallStreetTraders,1,1,1,https://www.youtube.com/channel/UCzLXZKVhnn9L57I4rsL0t8g,['AAL'],['American Airlines Group']
Carter Farr,1,1,1,https://www.youtube.com/channel/UCtLCYjLS_Q8BjoXP3TWkzmg,"['AAL', 'BAC', 'CCL', 'CHD', 'DAL', 'F', 'GOOGL', 'MCD']","['American Airlines Group', 'Bank of America', 'Carnival Corporation', 'Church & Dwight', 'Delta Air Lines', 'Ford', 'Alphabet (Class A)', ""McDonald's""]"
OptionsGeek,1,1,1,https://www.youtube.com/channel/UCdYlhAt6cT-4-YAyQRcfFZQ,"['AAL', 'CCL', 'EQR', 'GE', 'LVS', 'NCLH', 'PENN', 'PFE', 'RCL', 'UAL', 'WYNN']","['American Airlines Group', 'Carnival Corporation', 'Equity Residential', 'General Electric', 'Las Vegas Sands', 'Norwegian Cruise Line Holdings', 'Penn National Gaming', 'Pfizer', 'Royal Caribbean Group', 'United Airlines', 'Wynn Resorts']"
TipRanks‚Ñ¢,1,1,1,https://www.youtube.com/channel/UCGNXpSXu1WdSbq5Wr-29ohA,"['AAL', 'ACN', 'ADI', 'ADM', 'AEE', 'AES', 'AIZ', 'ALK', 'AMCR', 'ANET', 'AON', 'APTV', 'AVY', 'AXP', 'BAX', 'BDX', 'BIO', 'BKNG', 'BKR', 'BLL', 'BSX', 'BWA', 'BXP', 'CAG', 'CERN', 'CFG', 'CHD', 'CHRW', 'CHTR', 'CI', 'CINF', 'CNP', 'COO', 'COP', 'CPB', 'CRL', 'CTAS', 'CTLT', 'CTXS', 'CVS', 'DAL', 'DRI', 'ECL', 'EIX', 'EMN', 'EMR', 'EW', 'EXC', 'EXPD', 'FANG', 'FDX', 'FISV', 'FMC', 'FOXA', 'FTV', 'GM', 'GNRC', 'GPN', 'GRMN', 'GS', 'HIG', 'HOLX', 'HPE', 'HRL', 'HSIC', 'HST', 'HWM', 'IDXX', 'IPG', 'IPGP', 'IQV', 'ITW', 'IVZ', 'JCI', 'JKHY', 'JNJ', 'JNPR', 'JPM', 'KHC', 'KMX', 'KSU', 'LDOS', 'LEN', 'LH', 'LLY', 'LUV', 'LW', 'LYB', 'LYV', 'MCO', 'MDT', 'MET', 'MHK', 'MKTX', 'MOS', 'MRK', 'MRO', 'MTCH', 'MU', 'NEM', 'NLOK', 'NLSN', 'NTAP', 'NVR', 'NWS', 'NWSA', 'NXPI', 'ODFL', 'OKE', 'OMC', 'ORCL', 'ORLY', 'PAYX', 'PBCT', 'PCAR', 'PEAK', 'PENN', 'PFE', 'PFG', 'PGR', 'PHM', 'PLD', 'PNR', 'PVH', 'PWR', 'QRVO', 'RE', 'REG', 'RF', 'RHI', 'RL', 'ROST', 'SBAC', 'SHW', 'SLB', 'SNA', 'SNPS', 'SO', 'SRE', 'STX', 'STZ', 'SYF', 'SYK', 'SYY', 'T', 'TDY', 'TECH', 'TEL', 'TER', 'TGT', 'TMO', 'TMUS', 'TPR', 'TRMB', 'TROW', 'TRV', 'TSCO', 'TSN', 'TT', 'TTWO', 'TYL', 'UA', 'UAA', 'UHS', 'UNH', 'UNP', 'URI', 'VIAC', 'VLO', 'VRSK', 'WAB', 'WBA', 'WDC', 'WEC', 'WLTW', 'WMT', 'WRB', 'WU', 'WY', 'WYNN', 'XEL', 'XLNX', 'XOM', 'XYL', 'ZBH', 'ZBRA', 'ZTS']","['American Airlines Group', 'Accenture', 'Analog Devices', 'ADM', 'Ameren Corp', 'AES Corp', 'Assurant', 'Alaska Air Group', 'Amcor', 'Arista Networks', 'Aon', 'Aptiv', 'Avery Dennison', 'American Express', 'Baxter International', 'Becton Dickinson', 'Bio-Rad Laboratories', 'Booking Holdings', 'Baker Hughes', 'Ball Corp', 'Boston Scientific', 'BorgWarner', 'Boston Properties', 'Conagra Brands', 'Cerner', 'Citizens Financial Group', 'Church & Dwight', 'C. H. Robinson', 'Charter Communications', 'Cigna', 'Cincinnati Financial', 'CenterPoint Energy', 'The Cooper Companies', 'ConocoPhillips', 'Campbell Soup', 'Charles River Laboratories', 'Cintas Corporation', 'Catalent', 'Citrix Systems', 'CVS Health', 'Delta Air Lines', 'Darden Restaurants', 'Ecolab', 'Edison International', 'Eastman Chemical', 'Emerson Electric Company', 'Edwards Lifesciences', 'Exelon', 'Expeditors', 'Diamondback Energy', 'FedEx', 'Fiserv', 'FMC Corporation', 'Fox Corporation (Class A)', 'Fortive', 'General Motors', 'Generac Holdings', 'Global Payments', 'Garmin', 'Goldman Sachs', 'The Hartford', 'Hologic', 'Hewlett Packard Enterprise', 'Hormel', 'Henry Schein', 'Host Hotels & Resorts', 'Howmet Aerospace', 'Idexx Laboratories', 'Interpublic Group', 'IPG Photonics', 'IQVIA', 'Illinois Tool Works', 'Invesco', 'Johnson Controls', 'Jack Henry & Associates', 'Johnson & Johnson', 'Juniper Networks', 'JPMorgan Chase', 'Kraft Heinz', 'CarMax', 'Kansas City Southern', 'Leidos', 'Lennar', 'LabCorp', 'Eli Lilly & Co', 'Southwest Airlines', 'Lamb Weston', 'LyondellBasell', 'Live Nation Entertainment', ""Moody's Corporation"", 'Medtronic', 'MetLife', 'Mohawk Industries', 'MarketAxess', 'The Mosaic Company', 'Merck & Co.', 'Marathon Oil', 'Match Group', 'Micron Technology', 'Newmont', 'NortonLifeLock', 'Nielsen Holdings', 'NetApp', 'NVR', 'News Corp (Class B)', 'News Corp (Class A)', 'NXP', 'Old Dominion Freight Line', 'Oneok', 'Omnicom Group', 'Oracle', ""O'Reilly Automotive"", 'Paychex', ""People's United Financial"", 'Paccar', 'Healthpeak Properties', 'Penn National Gaming', 'Pfizer', 'Principal Financial Group', 'Progressive Corporation', 'PulteGroup', 'Prologis', 'Pentair', 'PVH', 'Quanta Services', 'Qorvo', 'Everest Re', 'Regency Centers', 'Regions Financial Corporation', 'Robert Half International', 'Ralph Lauren Corporation', 'Ross Stores', 'SBA Communications', 'Sherwin-Williams', 'Schlumberger', 'Snap-on', 'Synopsys', 'Southern Company', 'Sempra Energy', 'Seagate Technology', 'Constellation Brands', 'Synchrony Financial', 'Stryker Corporation', 'Sysco', 'AT&T', 'Teledyne Technologies', 'Bio-Techne', 'TE Connectivity', 'Teradyne', 'Target Corporation', 'Thermo Fisher Scientific', 'T-Mobile US', 'Tapestry', 'Trimble', 'T. Rowe Price', 'The Travelers Companies', 'Tractor Supply Company', 'Tyson Foods', 'Trane Technologies', 'Take-Two Interactive', 'Tyler Technologies', 'Under Armour (Class C)', 'Under Armour (Class A)', 'Universal Health Services', 'UnitedHealth Group', 'Union Pacific', 'United Rentals', 'ViacomCBS', 'Valero Energy', 'Verisk Analytics', 'Wabtec', 'Walgreens Boots Alliance', 'Western Digital', 'WEC Energy Group', 'Willis Towers Watson', 'Walmart', 'W. R. Berkley Corporation', 'Western Union', 'Weyerhaeuser', 'Wynn Resorts', 'Xcel Energy', 'Xilinx', 'ExxonMobil', 'Xylem', 'Zimmer Biomet', 'Zebra Technologies', 'Zoetis']"
The Plain Bagel,1,1,1,https://www.youtube.com/channel/UCFCEuCsyWP0YkP3CZ3Mr01Q,"['AAL', 'AOS', 'ATO', 'BLK', 'CDW', 'CMS', 'COST', 'CTSH', 'DHR', 'HAL', 'HIG', 'TGT']","['American Airlines Group', 'A. O. Smith', 'Atmos Energy', 'BlackRock', 'CDW', 'CMS Energy', 'Costco', 'Cognizant Technology Solutions', 'Danaher Corporation', 'Halliburton', 'The Hartford', 'Target Corporation']"
Humbled Trader,1,1,1,https://www.youtube.com/channel/UCcIvNGMBSQWwo1v3n-ZRBCw,"['AAL', 'ADI', 'CDAY', 'EFX', 'FDX', 'KEYS', 'MRNA', 'NWSA', 'QCOM', 'RCL', 'UPS', 'VIAC']","['American Airlines Group', 'Analog Devices', 'Ceridian', 'Equifax', 'FedEx', 'Keysight Technologies', 'Moderna', 'News Corp (Class A)', 'Qualcomm', 'Royal Caribbean Group', 'United Parcel Service', 'ViacomCBS']"
Ryan Scribner,1,1,1,https://www.youtube.com/channel/UC3mjMoJuFnjYRBLon_6njbQ,"['AAL', 'CINF', 'GPC', 'KEY', 'MCD', 'NTRS', 'PBCT', 'PG']","['American Airlines Group', 'Cincinnati Financial', 'Genuine Parts', 'KeyCorp', ""McDonald's"", 'Northern Trust', ""People's United Financial"", 'Procter & Gamble']"
Stock Guru,1,1,1,https://www.youtube.com/channel/UCtR_Pn4XLjLU53LhRqYrJTQ,"['AAL', 'AAP', 'AAPL', 'AMD', 'AMZN', 'BA', 'BKNG', 'BKR', 'CAT', 'EBAY', 'ETSY', 'MCHP', 'MTCH', 'NCLH', 'NDAQ', 'NKE', 'PFE', 'QCOM', 'REGN', 'TSLA', 'WFC']","['American Airlines Group', 'Advance Auto Parts', 'Apple', 'Advanced Micro Devices', 'Amazon', 'Boeing', 'Booking Holdings', 'Baker Hughes', 'Caterpillar', 'eBay', 'Etsy', 'Microchip Technology', 'Match Group', 'Norwegian Cruise Line Holdings', 'Nasdaq', 'Nike', 'Pfizer', 'Qualcomm', 'Regeneron Pharmaceuticals', 'Tesla', 'Wells Fargo']"
Robinhood Simplified,1,1,1,https://www.youtube.com/channel/UCs5tyKlox4pvUp1-vsHLuQg,['AAL'],['American Airlines Group']
Jack Spencer Investing,1,1,1,https://www.youtube.com/channel/UCqLDg-B0J_8vJfLRYctd35g,"['AAL', 'GPC', 'HRL', 'JKHY', 'SYY', 'WFC']","['American Airlines Group', 'Genuine Parts', 'Hormel', 'Jack Henry & Associates', 'Sysco', 'Wells Fargo']"
Investor Trip,1,1,1,https://www.youtube.com/user/investortrip,"['AAL', 'BA', 'DAL', 'MCD', 'NFLX', 'RCL', 'UAL', 'WMT']","['American Airlines Group', 'Boeing', 'Delta Air Lines', ""McDonald's"", 'Netflix', 'Royal Caribbean Group', 'United Airlines', 'Walmart']"
Rainmaker Investing with The GoodFellas,1,1,1,https://www.youtube.com/channel/UCyt0J1RDcmT5ss4cCXgRspQ,"['AAL', 'ALK', 'ENPH', 'UAL']","['American Airlines Group', 'Alaska Air Group', 'Enphase Energy', 'United Airlines']"
Karan Gurnani,1,1,1,https://www.youtube.com/channel/UCcYxuBW5pDu5GiFKBPootyA,['AAL'],['American Airlines Group']
Positive Investing,1,1,1,https://www.youtube.com/user/blackdragon1299,"['AAL', 'ABT', 'ALGN', 'ATVI', 'AXP', 'BA', 'BRO', 'CHD', 'CLX', 'CRM', 'DAL', 'DFS', 'DLTR', 'EXPE', 'FB', 'HON', 'IBM', 'JNJ', 'KMB', 'LMT', 'MMM', 'NFLX', 'NOC', 'NTRS', 'QRVO', 'RTX', 'SIVB', 'TTWO', 'TWTR', 'VMC', 'XLNX']","['American Airlines Group', 'Abbott Laboratories', 'Align Technology', 'Activision Blizzard', 'American Express', 'Boeing', 'Brown & Brown', 'Church & Dwight', 'Clorox', 'Salesforce', 'Delta Air Lines', 'Discover Financial Services', 'Dollar Tree', 'Expedia Group', 'Facebook', 'Honeywell', 'IBM', 'Johnson & Johnson', 'Kimberly-Clark', 'Lockheed Martin', '3M', 'Netflix', 'Northrop Grumman', 'Northern Trust', 'Qorvo', 'Raytheon Technologies', 'SVB Financial', 'Take-Two Interactive', 'Twitter', 'Vulcan Materials', 'Xilinx']"
Jose Najarro Stocks,1,1,1,https://www.youtube.com/channel/UC5cEHfCr6WOE1R1zcohd1IA,"['AAL', 'ADSK', 'AMGN', 'ATVI', 'COF', 'DGX', 'DIS', 'EA', 'EXPD', 'FISV', 'HAS', 'INTU', 'KLAC', 'KMI', 'L', 'LUV', 'MAR', 'MCO', 'NTRS', 'NVDA', 'PAYC', 'PENN', 'PHM', 'PNR', 'PNW', 'QCOM', 'SPGI', 'SWKS', 'TER', 'TRMB', 'TTWO', 'UAL', 'VMC', 'VRSN']","['American Airlines Group', 'Autodesk', 'Amgen', 'Activision Blizzard', 'Capital One Financial', 'Quest Diagnostics', 'The Walt Disney Company', 'Electronic Arts', 'Expeditors', 'Fiserv', 'Hasbro', 'Intuit', 'KLA Corporation', 'Kinder Morgan', 'Loews Corporation', 'Southwest Airlines', 'Marriott International', ""Moody's Corporation"", 'Northern Trust', 'Nvidia', 'Paycom', 'Penn National Gaming', 'PulteGroup', 'Pentair', 'Pinnacle West Capital', 'Qualcomm', 'S&P Global', 'Skyworks Solutions', 'Teradyne', 'Trimble', 'Take-Two Interactive', 'United Airlines', 'Vulcan Materials', 'Verisign']"
ISHAN LLB,1,1,1,https://www.youtube.com/channel/UCWew_LbiRfU_pn71wjfHV4g,"['AAP', 'UPS']","['Advance Auto Parts', 'United Parcel Service']"
Learn to Invest,1,1,1,https://www.youtube.com/channel/UCSglJMvX-zSgv3PEJIE_inw,"['AAP', 'AAPL', 'ABC', 'ADM', 'ALK', 'AMGN', 'APD', 'AVB', 'AXP', 'AZO', 'BA', 'BAC', 'CAH', 'CAT', 'CCI', 'CCL', 'CE', 'CHD', 'CI', 'CLX', 'CNP', 'COG', 'CRM', 'CSCO', 'CTVA', 'CVS', 'CVX', 'DD', 'DGX', 'DHI', 'DIS', 'DLR', 'DOW', 'EBAY', 'EMN', 'EQIX', 'EQR', 'EXR', 'FRT', 'GE', 'GIS', 'GLW', 'GOOG', 'GOOGL', 'GPC', 'GS', 'GWW', 'HCA', 'HD', 'HSIC', 'IBM', 'INTC', 'IRM', 'ITW', 'JNJ', 'JPM', 'KO', 'L', 'LEG', 'LIN', 'LMT', 'LOW', 'LYB', 'MCD', 'MDLZ', 'MDT', 'MKC', 'MMM', 'MRK', 'NFLX', 'NKE', 'NWSA', 'O', 'ODFL', 'OKE', 'OMC', 'PBCT', 'PEG', 'PEP', 'PFE', 'PG', 'RCL', 'RTX', 'SCHW', 'SO', 'SPGI', 'SWK', 'T', 'TGT', 'TMUS', 'TRV', 'TTWO', 'TXN', 'UNH', 'UNP', 'V', 'VFC', 'VZ', 'WBA', 'WELL', 'WHR', 'WM', 'WMB', 'WMT', 'WRB', 'XOM']","['Advance Auto Parts', 'Apple', 'AmerisourceBergen', 'ADM', 'Alaska Air Group', 'Amgen', 'Air Products & Chemicals', 'AvalonBay Communities', 'American Express', 'AutoZone', 'Boeing', 'Bank of America', 'Cardinal Health', 'Caterpillar', 'Crown Castle', 'Carnival Corporation', 'Celanese', 'Church & Dwight', 'Cigna', 'Clorox', 'CenterPoint Energy', 'Cabot Oil & Gas', 'Salesforce', 'Cisco Systems', 'Corteva', 'CVS Health', 'Chevron Corporation', 'DuPont', 'Quest Diagnostics', 'D. R. Horton', 'The Walt Disney Company', 'Digital Realty Trust', 'Dow', 'eBay', 'Eastman Chemical', 'Equinix', 'Equity Residential', 'Extra Space Storage', 'Federal Realty Investment Trust', 'General Electric', 'General Mills', 'Corning', 'Alphabet (Class C)', 'Alphabet (Class A)', 'Genuine Parts', 'Goldman Sachs', 'W. W. Grainger', 'HCA Healthcare', 'Home Depot', 'Henry Schein', 'IBM', 'Intel', 'Iron Mountain', 'Illinois Tool Works', 'Johnson & Johnson', 'JPMorgan Chase', 'Coca-Cola Company', 'Loews Corporation', 'Leggett & Platt', 'Linde', 'Lockheed Martin', ""Lowe's"", 'LyondellBasell', ""McDonald's"", 'Mondelez International', 'Medtronic', 'McCormick & Company', '3M', 'Merck & Co.', 'Netflix', 'Nike', 'News Corp (Class A)', 'Realty Income Corporation', 'Old Dominion Freight Line', 'Oneok', 'Omnicom Group', ""People's United Financial"", 'Public Service Enterprise Group', 'PepsiCo', 'Pfizer', 'Procter & Gamble', 'Royal Caribbean Group', 'Raytheon Technologies', 'Charles Schwab Corporation', 'Southern Company', 'S&P Global', 'Stanley Black & Decker', 'AT&T', 'Target Corporation', 'T-Mobile US', 'The Travelers Companies', 'Take-Two Interactive', 'Texas Instruments', 'UnitedHealth Group', 'Union Pacific', 'Visa', 'VF Corporation', 'Verizon Communications', 'Walgreens Boots Alliance', 'Welltower', 'Whirlpool Corporation', 'Waste Management', 'Williams Companies', 'Walmart', 'W. R. Berkley Corporation', 'ExxonMobil']"
Joseph Carlson,1,1,1,https://www.youtube.com/channel/UCbta0n8i6Rljh0obO7HzG9A,"['AAP', 'AWK', 'CPB', 'D', 'EMR', 'F', 'IPGP', 'MDLZ', 'MGM', 'NOW', 'NTAP']","['Advance Auto Parts', 'American Water Works', 'Campbell Soup', 'Dominion Energy', 'Emerson Electric Company', 'Ford', 'IPG Photonics', 'Mondelez International', 'MGM Resorts International', 'ServiceNow', 'NetApp']"
Asset Yogi,1,1,1,https://www.youtube.com/channel/UCsNxHPbaCWL1tKw2hxGQD6g,"['AAP', 'PEG']","['Advance Auto Parts', 'Public Service Enterprise Group']"
Pushkar Raj Thakur: Business Coach,1,1,0,https://www.youtube.com/channel/UCEAAzv2OBqxsSczKJ2QZyGQ,['AAP'],['Advance Auto Parts']
Traders Helping Traders,1,1,1,https://www.youtube.com/channel/UCMno7bbQKigk6RxiO0uv78g,"['AAP', 'AAPL', 'FB', 'WRB', 'WRK']","['Advance Auto Parts', 'Apple', 'Facebook', 'W. R. Berkley Corporation', 'WestRock']"
Stock Trends,1,1,1,https://www.youtube.com/channel/UC3jrAKa366uE1AaoN7akaLg,"['AAP', 'LEG', 'MRNA', 'PFE']","['Advance Auto Parts', 'Leggett & Platt', 'Moderna', 'Pfizer']"
Qdigita,1,1,1,https://www.youtube.com/channel/UCR1l4ix_ChUswRhzE_Kg4NQ,['AAP'],['Advance Auto Parts']
Active Investors,1,1,1,https://www.youtube.com/channel/UCFLmlNRauKKh7LqoCljav0g,"['AAP', 'AAPL']","['Advance Auto Parts', 'Apple']"
SAN TECH,1,1,1,https://www.youtube.com/channel/UCr63bAG1FZHscUAyKLQf5VQ,['AAP'],['Advance Auto Parts']
Space Stonks,1,1,1,https://www.youtube.com/channel/UCC0_zzKSU0h_io5KL5aix_A,"['AAP', 'AAPL']","['Advance Auto Parts', 'Apple']"
All Money Mantra,1,1,1,https://www.youtube.com/channel/UC5QyO20zwntfjs8_WXYEWlQ,['AAP'],['Advance Auto Parts']
TEDMED TECH,1,1,1,https://www.youtube.com/user/dileepram9,['AAP'],['Advance Auto Parts']
Deepak TechTimes,1,0,0,https://www.youtube.com/channel/UCpcAFSwaub8KgAcs3as11Kg,['AAP'],['Advance Auto Parts']
Investing For Dummies,1,1,1,https://www.youtube.com/channel/UC0yOU9ElgR_FHbSXs_z8MYQ,['AAP'],['Advance Auto Parts']
The Investor Channel,1,1,1,https://www.youtube.com/channel/UC7r4-nZ4icT8SIcnisXFSHQ,"['AAP', 'AAPL', 'ADBE', 'AMD', 'AMZN', 'BA', 'BAC', 'BIO', 'BLK', 'C', 'COST', 'CRM', 'CSCO', 'DAL', 'DIS', 'DISCA', 'EA', 'ENPH', 'ETSY', 'FANG', 'FB', 'FDX', 'GM', 'GOOG', 'GOOGL', 'HD', 'IBM', 'INTC', 'JPM', 'KHC', 'KO', 'LMT', 'MCD', 'MMM', 'MRK', 'MSFT', 'NFLX', 'NKE', 'NLSN', 'NVDA', 'O', 'PEP', 'PYPL', 'QRVO', 'SBUX', 'SPG', 'T', 'TGT', 'TMUS', 'TTWO', 'TWTR', 'UA', 'UAA', 'V', 'VZ', 'WBA', 'WFC', 'WLTW', 'WMT']","['Advance Auto Parts', 'Apple', 'Adobe', 'Advanced Micro Devices', 'Amazon', 'Boeing', 'Bank of America', 'Bio-Rad Laboratories', 'BlackRock', 'Citigroup', 'Costco', 'Salesforce', 'Cisco Systems', 'Delta Air Lines', 'The Walt Disney Company', 'Discovery (Series A)', 'Electronic Arts', 'Enphase Energy', 'Etsy', 'Diamondback Energy', 'Facebook', 'FedEx', 'General Motors', 'Alphabet (Class C)', 'Alphabet (Class A)', 'Home Depot', 'IBM', 'Intel', 'JPMorgan Chase', 'Kraft Heinz', 'Coca-Cola Company', 'Lockheed Martin', ""McDonald's"", '3M', 'Merck & Co.', 'Microsoft', 'Netflix', 'Nike', 'Nielsen Holdings', 'Nvidia', 'Realty Income Corporation', 'PepsiCo', 'PayPal', 'Qorvo', 'Starbucks', 'Simon Property Group', 'AT&T', 'Target Corporation', 'T-Mobile US', 'Take-Two Interactive', 'Twitter', 'Under Armour (Class C)', 'Under Armour (Class A)', 'Visa', 'Verizon Communications', 'Walgreens Boots Alliance', 'Wells Fargo', 'Willis Towers Watson', 'Walmart']"
Equity 2commodity,1,1,1,https://www.youtube.com/channel/UCfJDLFYo0sSdBTGnrJGyCjw,['AAP'],['Advance Auto Parts']
Rob Almasi,1,1,1,https://www.youtube.com/channel/UCWLajaAqks5bnPIhLyzsSew,"['AAPL', 'PFE']","['Apple', 'Pfizer']"
TD Ameritrade Network,1,1,1,https://www.youtube.com/channel/UCqoSrYgusd8ZddtMoWhjHYA,"['AAPL', 'AKAM', 'AMAT', 'AMD', 'BA', 'BBWI', 'BLL', 'CAH', 'FB', 'GILD', 'GS', 'HLT', 'LRCX', 'MSFT', 'NVDA', 'OGN', 'OTIS', 'TSLA', 'TYL', 'WDC', 'WFC']","['Apple', 'Akamai Technologies', 'Applied Materials', 'Advanced Micro Devices', 'Boeing', 'Bath & Body Works, Inc.', 'Ball Corp', 'Cardinal Health', 'Facebook', 'Gilead Sciences', 'Goldman Sachs', 'Hilton Worldwide', 'Lam Research', 'Microsoft', 'Nvidia', 'Organon & Co.', 'Otis Worldwide', 'Tesla', 'Tyler Technologies', 'Western Digital', 'Wells Fargo']"
Buffett Answers,1,1,1,https://www.youtube.com/channel/UCdiRpwvcbpLXDbNHsiCX8KA,"['AAPL', 'CSX', 'OXY']","['Apple', 'CSX', 'Occidental Petroleum']"
Own The Chaos Investing,1,1,1,https://www.youtube.com/user/smiththdctr,"['AAPL', 'AMZN', 'GILD', 'MGM', 'PENN', 'ULTA']","['Apple', 'Amazon', 'Gilead Sciences', 'MGM Resorts International', 'Penn National Gaming', 'Ulta Beauty']"
Logan Kohn,1,1,1,https://www.youtube.com/user/THELOKOKID1,['AAPL'],['Apple']
Stock Trading Pro,1,1,1,https://www.youtube.com/user/peterenzulli,"['AAPL', 'ABT', 'AMZN', 'AXP', 'BA', 'COF', 'CRM', 'DISCA', 'DRI', 'ENPH', 'FDX', 'FOXA', 'GS', 'HD', 'LYV', 'MCD', 'MNST', 'MPC', 'MTCH', 'NI', 'NKE', 'NLOK', 'OXY', 'PENN', 'PYPL', 'RCL', 'REGN', 'TRMB', 'VIAC', 'WMT']","['Apple', 'Abbott Laboratories', 'Amazon', 'American Express', 'Boeing', 'Capital One Financial', 'Salesforce', 'Discovery (Series A)', 'Darden Restaurants', 'Enphase Energy', 'FedEx', 'Fox Corporation (Class A)', 'Goldman Sachs', 'Home Depot', 'Live Nation Entertainment', ""McDonald's"", 'Monster Beverage', 'Marathon Petroleum', 'Match Group', 'NiSource', 'Nike', 'NortonLifeLock', 'Occidental Petroleum', 'Penn National Gaming', 'PayPal', 'Royal Caribbean Group', 'Regeneron Pharmaceuticals', 'Trimble', 'ViacomCBS', 'Walmart']"
Trump,0,1,1,https://www.youtube.com/user/TrumpSC,"['AAPL', 'AMD', 'ATVI', 'INTC', 'MSFT']","['Apple', 'Advanced Micro Devices', 'Activision Blizzard', 'Intel', 'Microsoft']"
StockedUp - Mike D'Antonio,1,1,1,https://www.youtube.com/channel/UC-m6zNItyoDk5lSykDlhE4Q,"['AAPL', 'ABT', 'ADI', 'AEE', 'AES', 'ALK', 'ALLE', 'AMD', 'AME', 'AON', 'AOS', 'APA', 'ARE', 'AVB', 'BAC', 'BAX', 'BBY', 'BKNG', 'BKR', 'BLK', 'BRO', 'BXP', 'CARR', 'CDAY', 'CDNS', 'CDW', 'CF', 'CHTR', 'CMS', 'CTAS', 'CTVA', 'DISCK', 'DOV', 'DRE', 'DRI', 'DVA', 'EL', 'EXPE', 'FANG', 'FDX', 'FIS', 'FITB', 'FTV', 'HAL', 'HES', 'HIG', 'IFF', 'IP', 'ITW', 'JBHT', 'L', 'LDOS', 'LEN', 'LH', 'LNC', 'LW', 'LYV', 'MCHP', 'MCO', 'MET', 'MHK', 'MMC', 'MRO', 'MTCH', 'MTD', 'NLOK', 'NLSN', 'NOC', 'NSC', 'NTAP', 'NVDA', 'NWSA', 'OGN', 'ORLY', 'PAYC', 'PCAR', 'PENN', 'PFG', 'PPG', 'PWR', 'RE', 'SRE', 'TDY', 'TFC', 'TMO', 'TSN', 'VLO', 'WDC', 'WY']","['Apple', 'Abbott Laboratories', 'Analog Devices', 'Ameren Corp', 'AES Corp', 'Alaska Air Group', 'Allegion', 'Advanced Micro Devices', 'Ametek', 'Aon', 'A. O. Smith', 'APA Corporation', 'Alexandria Real Estate Equities', 'AvalonBay Communities', 'Bank of America', 'Baxter International', 'Best Buy', 'Booking Holdings', 'Baker Hughes', 'BlackRock', 'Brown & Brown', 'Boston Properties', 'Carrier Global', 'Ceridian', 'Cadence Design Systems', 'CDW', 'CF Industries', 'Charter Communications', 'CMS Energy', 'Cintas Corporation', 'Corteva', 'Discovery (Series C)', 'Dover Corporation', 'Duke Realty Corp', 'Darden Restaurants', 'DaVita', 'EstÔøΩe Lauder Companies', 'Expedia Group', 'Diamondback Energy', 'FedEx', 'Fidelity National Information Services', 'Fifth Third Bancorp', 'Fortive', 'Halliburton', 'Hess Corporation', 'The Hartford', 'International Flavors & Fragrances', 'International Paper', 'Illinois Tool Works', 'J. B. Hunt', 'Loews Corporation', 'Leidos', 'Lennar', 'LabCorp', 'Lincoln National', 'Lamb Weston', 'Live Nation Entertainment', 'Microchip Technology', ""Moody's Corporation"", 'MetLife', 'Mohawk Industries', 'Marsh & McLennan', 'Marathon Oil', 'Match Group', 'Mettler Toledo', 'NortonLifeLock', 'Nielsen Holdings', 'Northrop Grumman', 'Norfolk Southern', 'NetApp', 'Nvidia', 'News Corp (Class A)', 'Organon & Co.', ""O'Reilly Automotive"", 'Paycom', 'Paccar', 'Penn National Gaming', 'Principal Financial Group', 'PPG Industries', 'Quanta Services', 'Everest Re', 'Sempra Energy', 'Teledyne Technologies', 'Truist Financial', 'Thermo Fisher Scientific', 'Tyson Foods', 'Valero Energy', 'Western Digital', 'Weyerhaeuser']"
40 Finance,1,1,1,https://www.youtube.com/channel/UCgf-A4RNVH9fgHwnHo_tmMA,"['AAPL', 'AKAM', 'ALB', 'ALGN', 'AMZN', 'BKNG', 'COST', 'CRM', 'CTAS', 'DIS', 'DLR', 'EIX', 'ENPH', 'ETSY', 'EVRG', 'EXPE', 'FB', 'FE', 'FISV', 'GILD', 'GM', 'GOOG', 'GOOGL', 'HLT', 'HSIC', 'LKQ', 'LNT', 'MCD', 'MPWR', 'MSFT', 'NEE', 'NFLX', 'NVDA', 'PENN', 'PEP', 'PGR', 'PHM', 'PNW', 'PYPL', 'RCL', 'SBUX', 'SLB', 'SPGI', 'TAP', 'TJX', 'V', 'VRTX', 'WDC']","['Apple', 'Akamai Technologies', 'Albemarle Corporation', 'Align Technology', 'Amazon', 'Booking Holdings', 'Costco', 'Salesforce', 'Cintas Corporation', 'The Walt Disney Company', 'Digital Realty Trust', 'Edison International', 'Enphase Energy', 'Etsy', 'Evergy', 'Expedia Group', 'Facebook', 'FirstEnergy', 'Fiserv', 'Gilead Sciences', 'General Motors', 'Alphabet (Class C)', 'Alphabet (Class A)', 'Hilton Worldwide', 'Henry Schein', 'LKQ Corporation', 'Alliant Energy', ""McDonald's"", 'Monolithic Power Systems', 'Microsoft', 'NextEra Energy', 'Netflix', 'Nvidia', 'Penn National Gaming', 'PepsiCo', 'Progressive Corporation', 'PulteGroup', 'Pinnacle West Capital', 'PayPal', 'Royal Caribbean Group', 'Starbucks', 'Schlumberger', 'S&P Global', 'Molson Coors Beverage Company', 'TJX Companies', 'Visa', 'Vertex Pharmaceuticals', 'Western Digital']"
Sweetest Trade,1,1,1,https://www.youtube.com/channel/UCCWYJkdizC0BJL0M34J0hHg,"['AAPL', 'DIS', 'F', 'NFLX', 'TMO']","['Apple', 'The Walt Disney Company', 'Ford', 'Netflix', 'Thermo Fisher Scientific']"
Stock Moe,1,1,1,https://www.youtube.com/user/faststockcash,"['AAPL', 'ABMD', 'ADI', 'ADSK', 'AIZ', 'ALK', 'ALLE', 'AMT', 'ANTM', 'AOS', 'ARE', 'AWK', 'BBY', 'BK', 'BWA', 'C', 'CAH', 'CDW', 'CHD', 'CHTR', 'COG', 'CZR', 'DISCK', 'DISH', 'DRI', 'DVA', 'DVN', 'EMN', 'EMR', 'EQR', 'ETN', 'EXC', 'F', 'FOXA', 'FTV', 'HBAN', 'HWM', 'INTU', 'KMI', 'KMX', 'LEN', 'LIN', 'LNC', 'LW', 'MAR', 'MLM', 'MO', 'MOS', 'MPWR', 'MS', 'NI', 'NLSN', 'NOW', 'NRG', 'NTAP', 'OGN', 'OMC', 'PEAK', 'PENN', 'PSA', 'PWR', 'QRVO', 'RHI', 'ROST', 'SYY', 'TEL', 'TFX', 'URI', 'VLO']","['Apple', 'Abiomed', 'Analog Devices', 'Autodesk', 'Assurant', 'Alaska Air Group', 'Allegion', 'American Tower', 'Anthem', 'A. O. Smith', 'Alexandria Real Estate Equities', 'American Water Works', 'Best Buy', 'BNY Mellon', 'BorgWarner', 'Citigroup', 'Cardinal Health', 'CDW', 'Church & Dwight', 'Charter Communications', 'Cabot Oil & Gas', 'Caesars Entertainment', 'Discovery (Series C)', 'Dish Network', 'Darden Restaurants', 'DaVita', 'Devon Energy', 'Eastman Chemical', 'Emerson Electric Company', 'Equity Residential', 'Eaton Corporation', 'Exelon', 'Ford', 'Fox Corporation (Class A)', 'Fortive', 'Huntington Bancshares', 'Howmet Aerospace', 'Intuit', 'Kinder Morgan', 'CarMax', 'Lennar', 'Linde', 'Lincoln National', 'Lamb Weston', 'Marriott International', 'Martin Marietta Materials', 'Altria Group', 'The Mosaic Company', 'Monolithic Power Systems', 'Morgan Stanley', 'NiSource', 'Nielsen Holdings', 'ServiceNow', 'NRG Energy', 'NetApp', 'Organon & Co.', 'Omnicom Group', 'Healthpeak Properties', 'Penn National Gaming', 'Public Storage', 'Quanta Services', 'Qorvo', 'Robert Half International', 'Ross Stores', 'Sysco', 'TE Connectivity', 'Teleflex', 'United Rentals', 'Valero Energy']"
"Cameron Stewart, CFA",1,1,1,https://www.youtube.com/channel/UCpJRuue8x5Qag2Wz6uAzyjw,"['ABBV', 'ADBE', 'ALL', 'AMZN', 'APD', 'BA', 'BAC', 'BK', 'BMY', 'BRK.B', 'C', 'CAT', 'CLX', 'CMCSA', 'CMG', 'COST', 'CRM', 'CSCO', 'CVS', 'CVX', 'DAL', 'DPZ', 'ETSY', 'FB', 'FDX', 'FITB', 'GIS', 'GOOG', 'GOOGL', 'HD', 'HON', 'IBM', 'INTC', 'JNJ', 'JPM', 'K', 'KO', 'KR', 'LMT', 'LUV', 'MCD', 'MMM', 'MO', 'MRK', 'MSFT', 'MU', 'PEP', 'PG', 'PM', 'PYPL', 'RCL', 'RTX', 'SBUX', 'SNA', 'STE', 'TGT', 'TSN', 'TWTR', 'TXN', 'V', 'VZ', 'WFC', 'WMT', 'XOM']","['AbbVie', 'Adobe', 'Allstate Corp', 'Amazon', 'Air Products & Chemicals', 'Boeing', 'Bank of America', 'BNY Mellon', 'Bristol Myers Squibb', 'Berkshire Hathaway', 'Citigroup', 'Caterpillar', 'Clorox', 'Comcast', 'Chipotle Mexican Grill', 'Costco', 'Salesforce', 'Cisco Systems', 'CVS Health', 'Chevron Corporation', 'Delta Air Lines', ""Domino's Pizza"", 'Etsy', 'Facebook', 'FedEx', 'Fifth Third Bancorp', 'General Mills', 'Alphabet (Class C)', 'Alphabet (Class A)', 'Home Depot', 'Honeywell', 'IBM', 'Intel', 'Johnson & Johnson', 'JPMorgan Chase', ""Kellogg's"", 'Coca-Cola Company', 'Kroger', 'Lockheed Martin', 'Southwest Airlines', ""McDonald's"", '3M', 'Altria Group', 'Merck & Co.', 'Microsoft', 'Micron Technology', 'PepsiCo', 'Procter & Gamble', 'Philip Morris International', 'PayPal', 'Royal Caribbean Group', 'Raytheon Technologies', 'Starbucks', 'Snap-on', 'Steris', 'Target Corporation', 'Tyson Foods', 'Twitter', 'Texas Instruments', 'Visa', 'Verizon Communications', 'Wells Fargo', 'Walmart', 'ExxonMobil']"
Dividend Bull,1,1,1,https://www.youtube.com/channel/UCLxMEPUoHpKq4PEk85RZn9A,"['ABBV', 'AEE', 'ALL', 'AMCR', 'CL', 'CNP', 'CVX', 'DLR', 'DRE', 'EIX', 'ETN', 'EXPD', 'FRT', 'GPC', 'HBAN', 'HIG', 'IRM', 'KO', 'LYB', 'MDT', 'MMM', 'NRG', 'O', 'OKE', 'PGR', 'SJM', 'SRE', 'SWK', 'SYY', 'T', 'TROW', 'VNO', 'VTR', 'VTRS', 'VZ']","['AbbVie', 'Ameren Corp', 'Allstate Corp', 'Amcor', 'Colgate-Palmolive', 'CenterPoint Energy', 'Chevron Corporation', 'Digital Realty Trust', 'Duke Realty Corp', 'Edison International', 'Eaton Corporation', 'Expeditors', 'Federal Realty Investment Trust', 'Genuine Parts', 'Huntington Bancshares', 'The Hartford', 'Iron Mountain', 'Coca-Cola Company', 'LyondellBasell', 'Medtronic', '3M', 'NRG Energy', 'Realty Income Corporation', 'Oneok', 'Progressive Corporation', 'JM Smucker', 'Sempra Energy', 'Stanley Black & Decker', 'Sysco', 'AT&T', 'T. Rowe Price', 'Vornado Realty Trust', 'Ventas', 'Viatris', 'Verizon Communications']"
Thomas Invest,1,1,1,https://www.youtube.com/channel/UC7rOa_RGolqnTsXKFqRaIwA,['ABBV'],['AbbVie']
Learn to Invest Shorts,1,1,1,https://www.youtube.com/channel/UCyY9S2NkD6QBu-Njx8L3_Cw,"['ABBV', 'AVGO', 'AXP', 'AZO', 'BBY', 'C', 'CCL', 'COO', 'COP', 'CPB', 'DAL', 'DIS', 'EA', 'EBAY', 'GE', 'GOOG', 'GS', 'HD', 'HPE', 'HPQ', 'HRL', 'JNJ', 'JPM', 'KR', 'MA', 'MSFT', 'PFE', 'SBUX', 'T', 'TWTR', 'UPS', 'V', 'VZ', 'WMT']","['AbbVie', 'Broadcom', 'American Express', 'AutoZone', 'Best Buy', 'Citigroup', 'Carnival Corporation', 'The Cooper Companies', 'ConocoPhillips', 'Campbell Soup', 'Delta Air Lines', 'The Walt Disney Company', 'Electronic Arts', 'eBay', 'General Electric', 'Alphabet (Class C)', 'Goldman Sachs', 'Home Depot', 'Hewlett Packard Enterprise', 'HP', 'Hormel', 'Johnson & Johnson', 'JPMorgan Chase', 'Kroger', 'Mastercard', 'Microsoft', 'Pfizer', 'Starbucks', 'AT&T', 'Twitter', 'United Parcel Service', 'Visa', 'Verizon Communications', 'Walmart']"
Dividends And Income,1,1,1,https://www.youtube.com/channel/UCoWRO4JrsbE-jTz3F1oqWgw,"['ABBV', 'ACN', 'ADM', 'ADP', 'AEE', 'AEP', 'AES', 'AFL', 'AJG', 'ALB', 'ALL', 'ALLE', 'AMCR', 'AMGN', 'ANTM', 'AON', 'AOS', 'APA', 'APD', 'APTV', 'AVGO', 'BK', 'BMY', 'BWA', 'CAG', 'CAH', 'CAT', 'CCI', 'CF', 'CHD', 'CI', 'CINF', 'CL', 'CLX', 'CMCSA', 'CMI', 'COO', 'CPB', 'CSCO', 'DG', 'DHI', 'DLR', 'DTE', 'DUK', 'EIX', 'EMR', 'EQIX', 'ESS', 'EXPD', 'FITB', 'FRT', 'GD', 'GILD', 'GLW', 'GPC', 'HBAN', 'HIG', 'HII', 'HRL', 'HSY', 'HWM', 'IBM', 'IFF', 'INCY', 'IQV', 'IRM', 'IVZ', 'KMB', 'KO', 'KR', 'L', 'LHX', 'LMT', 'LOW', 'LRCX', 'LUMN', 'LYB', 'MDLZ', 'MHK', 'MKC', 'MMC', 'MMM', 'MO', 'MRK', 'NOC', 'NOW', 'NTAP', 'NWL', 'OKE', 'OMC', 'PEP', 'PG', 'PGR', 'PHM', 'PKI', 'PM', 'PNR', 'PNW', 'PPL', 'PRU', 'QRVO', 'RJF', 'SHW', 'SJM', 'SPGI', 'SRE', 'STZ', 'SYF', 'SYY', 'T', 'TAP', 'TFX', 'TJX', 'TMUS', 'TROW', 'TRV', 'TSCO', 'TSN', 'TXN', 'UDR', 'UHS', 'UNH', 'UNP', 'USB', 'VLO', 'VNO', 'VRSN', 'VTR', 'VTRS', 'VZ', 'WAT', 'WBA', 'WHR', 'WLTW', 'WMB', 'WST', 'ZBH', 'ZTS']","['AbbVie', 'Accenture', 'ADM', 'Automatic Data Processing', 'Ameren Corp', 'American Electric Power', 'AES Corp', 'Aflac', 'Arthur J. Gallagher & Co.', 'Albemarle Corporation', 'Allstate Corp', 'Allegion', 'Amcor', 'Amgen', 'Anthem', 'Aon', 'A. O. Smith', 'APA Corporation', 'Air Products & Chemicals', 'Aptiv', 'Broadcom', 'BNY Mellon', 'Bristol Myers Squibb', 'BorgWarner', 'Conagra Brands', 'Cardinal Health', 'Caterpillar', 'Crown Castle', 'CF Industries', 'Church & Dwight', 'Cigna', 'Cincinnati Financial', 'Colgate-Palmolive', 'Clorox', 'Comcast', 'Cummins', 'The Cooper Companies', 'Campbell Soup', 'Cisco Systems', 'Dollar General', 'D. R. Horton', 'Digital Realty Trust', 'DTE Energy', 'Duke Energy', 'Edison International', 'Emerson Electric Company', 'Equinix', 'Essex Property Trust', 'Expeditors', 'Fifth Third Bancorp', 'Federal Realty Investment Trust', 'General Dynamics', 'Gilead Sciences', 'Corning', 'Genuine Parts', 'Huntington Bancshares', 'The Hartford', 'Huntington Ingalls Industries', 'Hormel', 'The Hershey Company', 'Howmet Aerospace', 'IBM', 'International Flavors & Fragrances', 'Incyte', 'IQVIA', 'Iron Mountain', 'Invesco', 'Kimberly-Clark', 'Coca-Cola Company', 'Kroger', 'Loews Corporation', 'L3Harris Technologies', 'Lockheed Martin', ""Lowe's"", 'Lam Research', 'Lumen Technologies', 'LyondellBasell', 'Mondelez International', 'Mohawk Industries', 'McCormick & Company', 'Marsh & McLennan', '3M', 'Altria Group', 'Merck & Co.', 'Northrop Grumman', 'ServiceNow', 'NetApp', 'Newell Brands', 'Oneok', 'Omnicom Group', 'PepsiCo', 'Procter & Gamble', 'Progressive Corporation', 'PulteGroup', 'PerkinElmer', 'Philip Morris International', 'Pentair', 'Pinnacle West Capital', 'PPL', 'Prudential Financial', 'Qorvo', 'Raymond James Financial', 'Sherwin-Williams', 'JM Smucker', 'S&P Global', 'Sempra Energy', 'Constellation Brands', 'Synchrony Financial', 'Sysco', 'AT&T', 'Molson Coors Beverage Company', 'Teleflex', 'TJX Companies', 'T-Mobile US', 'T. Rowe Price', 'The Travelers Companies', 'Tractor Supply Company', 'Tyson Foods', 'Texas Instruments', 'UDR', 'Universal Health Services', 'UnitedHealth Group', 'Union Pacific', 'U.S. Bancorp', 'Valero Energy', 'Vornado Realty Trust', 'Verisign', 'Ventas', 'Viatris', 'Verizon Communications', 'Waters Corporation', 'Walgreens Boots Alliance', 'Whirlpool Corporation', 'Willis Towers Watson', 'Williams Companies', 'West Pharmaceutical Services', 'Zimmer Biomet', 'Zoetis']"
ToTheMoon,1,0,1,https://www.youtube.com/channel/UCoTag4iIJYmzO0KWRr1LUWQ,['ABBV'],['AbbVie']
GenZ Investor,1,1,1,https://www.youtube.com/channel/UC5VUIdrf1j0speDykUM3ckQ,"['ABBV', 'ABT', 'AEP', 'AFL', 'ALK', 'AMCR', 'AMT', 'AON', 'BF.B', 'BLL', 'CAG', 'CF', 'CL', 'CLX', 'COO', 'DLR', 'DUK', 'EQIX', 'EXPD', 'FTNT', 'GS', 'HRL', 'IRM', 'JNJ', 'K', 'L', 'MDLZ', 'MRK', 'MSFT', 'NUE', 'ORCL', 'PEP', 'PG', 'PHM', 'PLD', 'PNW', 'PXD', 'SO', 'TROW', 'TXN', 'V', 'VRSN', 'WMB', 'WMT', 'ZBH']","['AbbVie', 'Abbott Laboratories', 'American Electric Power', 'Aflac', 'Alaska Air Group', 'Amcor', 'American Tower', 'Aon', 'BrownÔøΩForman', 'Ball Corp', 'Conagra Brands', 'CF Industries', 'Colgate-Palmolive', 'Clorox', 'The Cooper Companies', 'Digital Realty Trust', 'Duke Energy', 'Equinix', 'Expeditors', 'Fortinet', 'Goldman Sachs', 'Hormel', 'Iron Mountain', 'Johnson & Johnson', ""Kellogg's"", 'Loews Corporation', 'Mondelez International', 'Merck & Co.', 'Microsoft', 'Nucor', 'Oracle', 'PepsiCo', 'Procter & Gamble', 'PulteGroup', 'Prologis', 'Pinnacle West Capital', 'Pioneer Natural Resources', 'Southern Company', 'T. Rowe Price', 'Texas Instruments', 'Visa', 'Verisign', 'Williams Companies', 'Walmart', 'Zimmer Biomet']"
Thomas Goldstep Finance,1,1,1,https://www.youtube.com/channel/UCBYkwKFo8E4JrQ1ddOqUICA,"['ABBV', 'MCD', 'MMM', 'O', 'PEP', 'WM']","['AbbVie', ""McDonald's"", '3M', 'Realty Income Corporation', 'PepsiCo', 'Waste Management']"
GenExDividendInvestor,1,1,1,https://www.youtube.com/channel/UCuOS-UH_s4KGhArN6HdRB0Q,"['ABBV', 'APD', 'CAH', 'CL', 'CVX', 'DLR', 'DUK', 'ED', 'HRL', 'ITW', 'JNJ', 'KMB', 'KO', 'LEG', 'NTRS', 'PG', 'SBUX', 'SO', 'TRV', 'XOM']","['AbbVie', 'Air Products & Chemicals', 'Cardinal Health', 'Colgate-Palmolive', 'Chevron Corporation', 'Digital Realty Trust', 'Duke Energy', 'Consolidated Edison', 'Hormel', 'Illinois Tool Works', 'Johnson & Johnson', 'Kimberly-Clark', 'Coca-Cola Company', 'Leggett & Platt', 'Northern Trust', 'Procter & Gamble', 'Starbucks', 'Southern Company', 'The Travelers Companies', 'ExxonMobil']"
Investing with Nick Cowles,1,1,1,https://www.youtube.com/channel/UCxFEI2SwUaQWNh5X8oflSAw,"['ABBV', 'GOOGL', 'LUV']","['AbbVie', 'Alphabet (Class A)', 'Southwest Airlines']"
Business of Life - Investing,1,1,1,https://www.youtube.com/channel/UC60o82Sf4SpkgH4lOH0GGuw,"['ABBV', 'VRTX']","['AbbVie', 'Vertex Pharmaceuticals']"
Investing with Dr. Dan,1,1,1,https://www.youtube.com/channel/UCR8lygsIzJdMjlSqD_afdNA,"['ABBV', 'ADBE', 'AMAT', 'AVGO', 'BMY', 'BRK.B', 'CAT', 'COST', 'CSCO', 'CTLT', 'DIS', 'DPZ', 'GD', 'GIS', 'HII', 'HRL', 'K', 'KMB', 'KR', 'LHX', 'LMT', 'LOW', 'MA', 'MMM', 'MRK', 'NFLX', 'ORCL', 'PEG', 'PEP', 'PG', 'PM', 'QCOM', 'REGN', 'RTX', 'SHW', 'TGT', 'TSN', 'WMT']","['AbbVie', 'Adobe', 'Applied Materials', 'Broadcom', 'Bristol Myers Squibb', 'Berkshire Hathaway', 'Caterpillar', 'Costco', 'Cisco Systems', 'Catalent', 'The Walt Disney Company', ""Domino's Pizza"", 'General Dynamics', 'General Mills', 'Huntington Ingalls Industries', 'Hormel', ""Kellogg's"", 'Kimberly-Clark', 'Kroger', 'L3Harris Technologies', 'Lockheed Martin', ""Lowe's"", 'Mastercard', '3M', 'Merck & Co.', 'Netflix', 'Oracle', 'Public Service Enterprise Group', 'PepsiCo', 'Procter & Gamble', 'Philip Morris International', 'Qualcomm', 'Regeneron Pharmaceuticals', 'Raytheon Technologies', 'Sherwin-Williams', 'Target Corporation', 'Tyson Foods', 'Walmart']"
Kiana Danial - Invest Diva,1,1,1,https://www.youtube.com/user/bestnovelist,"['ABBV', 'GILD', 'GLW', 'IFF', 'O', 'RCL']","['AbbVie', 'Gilead Sciences', 'Corning', 'International Flavors & Fragrances', 'Realty Income Corporation', 'Royal Caribbean Group']"
ppcian,1,1,1,https://www.youtube.com/user/ppcian,"['ABBV', 'APD', 'CAH', 'CARR', 'CHD', 'CL', 'CLX', 'CPB', 'D', 'DUK', 'EMR', 'EVRG', 'GIS', 'GL', 'HAS', 'HRL', 'HSY', 'HWM', 'JNJ', 'K', 'KMB', 'LUMN', 'LYB', 'MMM', 'MO', 'O', 'OGN', 'OTIS', 'PEP', 'PKI', 'PNR', 'PPL', 'SJM', 'TRV', 'VLO', 'VTR', 'VTRS']","['AbbVie', 'Air Products & Chemicals', 'Cardinal Health', 'Carrier Global', 'Church & Dwight', 'Colgate-Palmolive', 'Clorox', 'Campbell Soup', 'Dominion Energy', 'Duke Energy', 'Emerson Electric Company', 'Evergy', 'General Mills', 'Globe Life', 'Hasbro', 'Hormel', 'The Hershey Company', 'Howmet Aerospace', 'Johnson & Johnson', ""Kellogg's"", 'Kimberly-Clark', 'Lumen Technologies', 'LyondellBasell', '3M', 'Altria Group', 'Realty Income Corporation', 'Organon & Co.', 'Otis Worldwide', 'PepsiCo', 'PerkinElmer', 'Pentair', 'PPL', 'JM Smucker', 'The Travelers Companies', 'Valero Energy', 'Ventas', 'Viatris']"
Scott's Stock Due Diligence,1,1,1,https://www.youtube.com/user/Rubin16241,"['ABBV', 'ABT', 'ADSK', 'AVB', 'AVGO', 'BIIB', 'BMY', 'CAG', 'CBOE', 'CCL', 'COO', 'CTXS', 'CVS', 'DLR', 'EQR', 'FCX', 'FLT', 'FTNT', 'HII', 'IBM', 'ICE', 'IRM', 'IT', 'KHC', 'KMI', 'LDOS', 'LHX', 'LRCX', 'LUMN', 'LYV', 'MCO', 'MDLZ', 'MMM', 'MSCI', 'MSFT', 'NOC', 'NXPI', 'OGN', 'OKE', 'ORCL', 'OXY', 'SJM', 'SPG', 'SPGI', 'T', 'TAP', 'TDG', 'TMUS', 'UA', 'UAL', 'UDR', 'WBA', 'WEC', 'WELL', 'WMB', 'WMT', 'XOM']","['AbbVie', 'Abbott Laboratories', 'Autodesk', 'AvalonBay Communities', 'Broadcom', 'Biogen', 'Bristol Myers Squibb', 'Conagra Brands', 'Cboe Global Markets', 'Carnival Corporation', 'The Cooper Companies', 'Citrix Systems', 'CVS Health', 'Digital Realty Trust', 'Equity Residential', 'Freeport-McMoRan', 'Fleetcor', 'Fortinet', 'Huntington Ingalls Industries', 'IBM', 'Intercontinental Exchange', 'Iron Mountain', 'Gartner', 'Kraft Heinz', 'Kinder Morgan', 'Leidos', 'L3Harris Technologies', 'Lam Research', 'Lumen Technologies', 'Live Nation Entertainment', ""Moody's Corporation"", 'Mondelez International', '3M', 'MSCI', 'Microsoft', 'Northrop Grumman', 'NXP', 'Organon & Co.', 'Oneok', 'Oracle', 'Occidental Petroleum', 'JM Smucker', 'Simon Property Group', 'S&P Global', 'AT&T', 'Molson Coors Beverage Company', 'TransDigm Group', 'T-Mobile US', 'Under Armour (Class C)', 'United Airlines', 'UDR', 'Walgreens Boots Alliance', 'WEC Energy Group', 'Welltower', 'Williams Companies', 'Walmart', 'ExxonMobil']"
MadDash,1,1,1,https://www.youtube.com/user/CareerDashTV,"['ABC', 'TJX']","['AmerisourceBergen', 'TJX Companies']"
AmerisourceBergen,0,0,0,https://www.youtube.com/channel/UCfMolPe62FMhbjnTcQ653mg,['ABC'],['AmerisourceBergen']
FiercePharma,0,0,0,https://www.youtube.com/channel/UCaGOnBjEh8pueE7AcxdAvEQ,['ABC'],['AmerisourceBergen']
FASTgraphs,1,1,1,https://www.youtube.com/user/FASTgraphs,"['ABC', 'ACN', 'ADM', 'AEP', 'AFL', 'ALB', 'ALGN', 'ALL', 'AMGN', 'AMT', 'ANTM', 'APD', 'AVGO', 'BMY', 'BWA', 'CAG', 'CAH', 'CFG', 'CI', 'CLX', 'CMCSA', 'CPB', 'CSX', 'CTSH', 'CTVA', 'CZR', 'DD', 'DGX', 'DLR', 'DUK', 'DVN', 'DXC', 'EA', 'EIX', 'EQIX', 'EXPD', 'EXR', 'FAST', 'FMC', 'GIS', 'GL', 'GPN', 'GWW', 'HBAN', 'HII', 'HSY', 'IP', 'IRM', 'ITW', 'IVZ', 'KLAC', 'KMB', 'KSU', 'LDOS', 'LYB', 'MCK', 'MDLZ', 'MRK', 'MS', 'NOC', 'NTAP', 'NWL', 'O', 'OGN', 'OMC', 'PAYC', 'PFG', 'PGR', 'PNW', 'PPL', 'PRU', 'PVH', 'RJF', 'SHW', 'SIVB', 'SJM', 'SNA', 'SRE', 'SYF', 'TROW', 'TSN', 'TTWO', 'UNP', 'URI', 'VFC', 'VRTX', 'VTR', 'VTRS', 'WBA', 'WDC', 'WEC', 'WHR']","['AmerisourceBergen', 'Accenture', 'ADM', 'American Electric Power', 'Aflac', 'Albemarle Corporation', 'Align Technology', 'Allstate Corp', 'Amgen', 'American Tower', 'Anthem', 'Air Products & Chemicals', 'Broadcom', 'Bristol Myers Squibb', 'BorgWarner', 'Conagra Brands', 'Cardinal Health', 'Citizens Financial Group', 'Cigna', 'Clorox', 'Comcast', 'Campbell Soup', 'CSX', 'Cognizant Technology Solutions', 'Corteva', 'Caesars Entertainment', 'DuPont', 'Quest Diagnostics', 'Digital Realty Trust', 'Duke Energy', 'Devon Energy', 'DXC Technology', 'Electronic Arts', 'Edison International', 'Equinix', 'Expeditors', 'Extra Space Storage', 'Fastenal', 'FMC Corporation', 'General Mills', 'Globe Life', 'Global Payments', 'W. W. Grainger', 'Huntington Bancshares', 'Huntington Ingalls Industries', 'The Hershey Company', 'International Paper', 'Iron Mountain', 'Illinois Tool Works', 'Invesco', 'KLA Corporation', 'Kimberly-Clark', 'Kansas City Southern', 'Leidos', 'LyondellBasell', 'McKesson Corporation', 'Mondelez International', 'Merck & Co.', 'Morgan Stanley', 'Northrop Grumman', 'NetApp', 'Newell Brands', 'Realty Income Corporation', 'Organon & Co.', 'Omnicom Group', 'Paycom', 'Principal Financial Group', 'Progressive Corporation', 'Pinnacle West Capital', 'PPL', 'Prudential Financial', 'PVH', 'Raymond James Financial', 'Sherwin-Williams', 'SVB Financial', 'JM Smucker', 'Snap-on', 'Sempra Energy', 'Synchrony Financial', 'T. Rowe Price', 'Tyson Foods', 'Take-Two Interactive', 'Union Pacific', 'United Rentals', 'VF Corporation', 'Vertex Pharmaceuticals', 'Ventas', 'Viatris', 'Walgreens Boots Alliance', 'Western Digital', 'WEC Energy Group', 'Whirlpool Corporation']"
Company Man,1,1,1,https://www.youtube.com/channel/UCQMyhrt92_8XM0KgZH6VnRg,"['ABC', 'AXP', 'DG', 'HAS', 'HSY', 'K', 'MNST', 'UPS']","['AmerisourceBergen', 'American Express', 'Dollar General', 'Hasbro', 'The Hershey Company', ""Kellogg's"", 'Monster Beverage', 'United Parcel Service']"
Rentouch,0,0,0,https://www.youtube.com/user/rentouchch,['ABC'],['AmerisourceBergen']
The Popular Investor,1,1,1,https://www.youtube.com/channel/UC-CfltxhlMMCT5pJNIfQhlQ,"['ABC', 'AMAT', 'AMD', 'BMY', 'BWA', 'C', 'CRM', 'DISCA', 'DISCK', 'FB', 'FISV', 'INTC', 'JNJ', 'KEY', 'LUV', 'LVS', 'MU', 'NFLX', 'ORLY', 'REGN', 'TER', 'TWTR', 'VIAC', 'WBA']","['AmerisourceBergen', 'Applied Materials', 'Advanced Micro Devices', 'Bristol Myers Squibb', 'BorgWarner', 'Citigroup', 'Salesforce', 'Discovery (Series A)', 'Discovery (Series C)', 'Facebook', 'Fiserv', 'Intel', 'Johnson & Johnson', 'KeyCorp', 'Southwest Airlines', 'Las Vegas Sands', 'Micron Technology', 'Netflix', ""O'Reilly Automotive"", 'Regeneron Pharmaceuticals', 'Teradyne', 'Twitter', 'ViacomCBS', 'Walgreens Boots Alliance']"
Daniel Pronk,1,1,1,https://www.youtube.com/channel/UCL-F-8nxFtFZ4M3RWkGn6Qw,"['ABC', 'ADSK', 'AMCR', 'ATVI', 'AVGO', 'AWK', 'COO', 'D', 'DISCA', 'DLTR', 'DPZ', 'FISV', 'HIG', 'IRM', 'JCI', 'KIM', 'L', 'NEE', 'NLSN', 'PHM', 'PPL', 'SYY', 'VRSN', 'XYL']","['AmerisourceBergen', 'Autodesk', 'Amcor', 'Activision Blizzard', 'Broadcom', 'American Water Works', 'The Cooper Companies', 'Dominion Energy', 'Discovery (Series A)', 'Dollar Tree', ""Domino's Pizza"", 'Fiserv', 'The Hartford', 'Iron Mountain', 'Johnson Controls', 'Kimco Realty', 'Loews Corporation', 'NextEra Energy', 'Nielsen Holdings', 'PulteGroup', 'PPL', 'Sysco', 'Verisign', 'Xylem']"
UNRIVALED INVESTING,1,1,1,https://www.youtube.com/channel/UCnlyaLgmqTcmXLRLLfH1Rsg,"['ABC', 'AEP', 'ANSS', 'BRK.B', 'BRO', 'CCI', 'CDNS', 'CHTR', 'CMS', 'COF', 'CPB', 'CRL', 'CVS', 'DFS', 'DHI', 'DISCA', 'DUK', 'ED', 'EMN', 'EQIX', 'ESS', 'EVRG', 'EXPD', 'EXR', 'FRC', 'GOOG', 'GOOGL', 'GPC', 'HSIC', 'HUM', 'IPG', 'L', 'LH', 'LHX', 'MHK', 'MKTX', 'MMC', 'MNST', 'MRK', 'MTCH', 'NFLX', 'NOC', 'NTRS', 'NWL', 'PGR', 'PKI', 'SNPS', 'SO', 'TECH', 'TWTR', 'VIAC', 'VNO', 'VRSN', 'WEC', 'WLTW', 'XYL', 'ZBH']","['AmerisourceBergen', 'American Electric Power', 'Ansys', 'Berkshire Hathaway', 'Brown & Brown', 'Crown Castle', 'Cadence Design Systems', 'Charter Communications', 'CMS Energy', 'Capital One Financial', 'Campbell Soup', 'Charles River Laboratories', 'CVS Health', 'Discover Financial Services', 'D. R. Horton', 'Discovery (Series A)', 'Duke Energy', 'Consolidated Edison', 'Eastman Chemical', 'Equinix', 'Essex Property Trust', 'Evergy', 'Expeditors', 'Extra Space Storage', 'First Republic Bank', 'Alphabet (Class C)', 'Alphabet (Class A)', 'Genuine Parts', 'Henry Schein', 'Humana', 'Interpublic Group', 'Loews Corporation', 'LabCorp', 'L3Harris Technologies', 'Mohawk Industries', 'MarketAxess', 'Marsh & McLennan', 'Monster Beverage', 'Merck & Co.', 'Match Group', 'Netflix', 'Northrop Grumman', 'Northern Trust', 'Newell Brands', 'Progressive Corporation', 'PerkinElmer', 'Synopsys', 'Southern Company', 'Bio-Techne', 'Twitter', 'ViacomCBS', 'Vornado Realty Trust', 'Verisign', 'WEC Energy Group', 'Willis Towers Watson', 'Xylem', 'Zimmer Biomet']"
SAP Customer Experience,0,0,0,https://www.youtube.com/user/SAPCRMTV,['ABC'],['AmerisourceBergen']
MetastormMedia,0,0,0,https://www.youtube.com/user/MetastormMedia,['ABC'],['AmerisourceBergen']
Jake Alexander,1,1,1,https://www.youtube.com/channel/UC9Phi8DhQk-Zkzj3pzgDgIA,"['ABC', 'ANSS', 'BBY', 'CAH', 'CINF', 'CVX', 'DPZ', 'INTC', 'MKTX', 'MRK', 'TROW', 'V', 'XOM']","['AmerisourceBergen', 'Ansys', 'Best Buy', 'Cardinal Health', 'Cincinnati Financial', 'Chevron Corporation', ""Domino's Pizza"", 'Intel', 'MarketAxess', 'Merck & Co.', 'T. Rowe Price', 'Visa', 'ExxonMobil']"
Raymond Harlall,1,1,1,https://www.youtube.com/channel/UCVI7xbi3U-LuPUKctBcZkLA,"['ABC', 'RF']","['AmerisourceBergen', 'Regions Financial Corporation']"
Better Business Health for Hospital Pharmacy,0,0,0,https://www.youtube.com/user/betterbusinesshealth,['ABC'],['AmerisourceBergen']
Brendan Guastaferro,1,1,1,https://www.youtube.com/channel/UC3iIVoAYW6dtpy-jKH4tskw,"['ABMD', 'ALGN', 'AZO', 'CCI', 'CCL', 'CTXS', 'MMC', 'PRU']","['Abiomed', 'Align Technology', 'AutoZone', 'Crown Castle', 'Carnival Corporation', 'Citrix Systems', 'Marsh & McLennan', 'Prudential Financial']"
Alpha Status Stocks,1,1,1,https://www.youtube.com/channel/UCC5CX7c71hP6xCAYXujTm3w,"['ABMD', 'ALLE', 'COG', 'MMM', 'MOS', 'MPC', 'MPWR', 'NLOK', 'NLSN', 'NSC', 'ORLY', 'PAYC', 'PEG', 'PENN', 'PFG', 'PKI', 'PVH', 'REG', 'RF', 'RHI', 'ROK', 'STT', 'SYK', 'TAP', 'TDY', 'TRV', 'TYL', 'WAB', 'WAT', 'WHR', 'XEL', 'XYL', 'ZBRA']","['Abiomed', 'Allegion', 'Cabot Oil & Gas', '3M', 'The Mosaic Company', 'Marathon Petroleum', 'Monolithic Power Systems', 'NortonLifeLock', 'Nielsen Holdings', 'Norfolk Southern', ""O'Reilly Automotive"", 'Paycom', 'Public Service Enterprise Group', 'Penn National Gaming', 'Principal Financial Group', 'PerkinElmer', 'PVH', 'Regency Centers', 'Regions Financial Corporation', 'Robert Half International', 'Rockwell Automation', 'State Street Corporation', 'Stryker Corporation', 'Molson Coors Beverage Company', 'Teledyne Technologies', 'The Travelers Companies', 'Tyler Technologies', 'Wabtec', 'Waters Corporation', 'Whirlpool Corporation', 'Xcel Energy', 'Xylem', 'Zebra Technologies']"
Corns Investing,1,1,1,https://www.youtube.com/channel/UC4z4ruy9Bj3LU3l5XHNV4KA,"['ABMD', 'AEE', 'AES', 'APD', 'BWA', 'CE', 'CNC', 'CTLT', 'D', 'EOG', 'ES', 'IP', 'MKTX', 'NEE', 'NRG', 'NUE', 'PCAR', 'PKG', 'SRE', 'VMC']","['Abiomed', 'Ameren Corp', 'AES Corp', 'Air Products & Chemicals', 'BorgWarner', 'Celanese', 'Centene Corporation', 'Catalent', 'Dominion Energy', 'EOG Resources', 'Eversource Energy', 'International Paper', 'MarketAxess', 'NextEra Energy', 'NRG Energy', 'Nucor', 'Paccar', 'Packaging Corporation of America', 'Sempra Energy', 'Vulcan Materials']"
The Club,1,1,1,https://www.youtube.com/channel/UC534py5rn9KK3fXGmfRJ0SQ,"['ABMD', 'LLY', 'MLM', 'NWL', 'PNC', 'TSLA']","['Abiomed', 'Eli Lilly & Co', 'Martin Marietta Materials', 'Newell Brands', 'PNC Financial Services', 'Tesla']"